# Generated by CG-SolarSystem
v -49.342499 89.394699 42.388401
v -49.251301 89.289299 42.556198
v -49.187801 89.505798 42.343700
v -49.539398 89.324898 42.327301
v -49.468700 89.271301 42.411201
v -49.558701 89.077003 41.988300
v -49.403900 89.054398 42.128399
v -49.594002 89.183296 42.020000
v -49.399399 89.024597 42.125500
v -49.398701 88.969200 42.337399
v -49.403500 89.062302 42.350399
v -49.452499 89.171799 42.296501
v -49.163502 88.867897 42.558601
v -49.252499 88.822098 42.496700
v -49.066502 88.723396 42.438900
v -49.268101 88.733704 42.431400
v -49.323399 88.810699 42.308102
v -49.299400 88.651901 42.391800
v -49.324200 88.918999 42.400101
v -49.611401 89.363503 42.254299
v -49.239101 89.086502 42.453098
v -49.426701 89.153000 42.372200
v -49.367802 88.699898 42.270802
v -49.332001 88.595901 42.358700
v -49.347401 88.872498 42.303902
v -49.238602 89.005501 42.444599
v -49.195400 89.698097 42.388699
v -49.143299 89.613899 42.404202
v -49.090401 89.723099 42.438801
v -49.312302 89.639397 42.337200
v -49.326801 89.517799 42.330399
v -49.500999 89.620697 42.274300
v -49.471901 89.474701 42.306900
v -49.087898 89.548897 42.470501
v -49.103298 89.422600 42.552502
v -49.191101 89.296204 42.598999
v -49.092701 89.207497 42.632000
v -49.138302 89.277496 42.616199
v -49.553600 89.089401 41.880699
v -49.387901 88.696899 42.075001
v -49.394699 88.762802 42.083599
v -49.405602 88.807602 42.219799
v -49.634701 89.345100 42.166302
v -49.085499 88.431801 42.413700
v -48.983501 88.518799 42.443699
v -49.126099 88.409500 42.405399
v -49.068699 88.675003 42.418800
v -49.194599 88.623901 42.397900
v -48.947899 88.618896 42.470699
v -48.954498 88.725998 42.515999
v -49.033100 88.899399 42.646900
v -49.092499 89.025299 42.592201
v -49.303902 88.481102 42.359299
v -49.210899 89.947197 42.269100
v -49.326801 89.887901 42.182701
v -49.268398 89.856201 42.368599
v -49.305500 89.948898 41.742298
v -49.336899 89.944298 41.902599
v -49.272499 90.003197 41.908401
v -49.437599 89.793701 41.695801
v -49.495201 89.727798 41.908298
v -49.632000 89.373001 41.939301
v -49.544899 89.523201 41.999901
v -49.594799 89.426804 41.803600
v -49.507599 89.552101 41.717602
v -49.518200 89.602501 42.051601
v -49.471699 89.665604 41.749500
v -49.181499 89.841698 42.385201
v -49.416401 89.713898 42.314499
v -49.246201 89.855598 41.502300
v -49.338402 89.829697 41.532501
v -49.165401 89.931000 41.576099
v -49.410099 89.638901 41.519798
v -49.436600 89.661102 41.604099
v -49.253601 90.005600 42.026199
v -49.026600 90.001602 41.699501
v -49.661999 89.313004 42.057301
v -49.528500 89.266602 41.744499
v -49.584999 89.166603 41.834801
v -49.544701 89.451897 41.625801
v -48.716900 89.635902 42.230099
v -48.670300 89.708702 42.183601
v -48.732700 89.787697 42.224300
v -48.614899 89.570702 42.223999
v -48.565498 89.644897 42.151402
v -48.446899 89.507797 42.181301
v -48.810001 89.913101 42.178001
v -48.910000 90.022697 42.059200
v -48.979000 89.871498 42.224098
v -48.771099 89.857903 42.118099
v -48.792900 89.934998 42.058601
v -48.712700 89.860802 41.944500
v -48.491901 89.647797 42.005699
v -48.707802 89.721001 42.042400
v -48.445099 89.583801 42.115799
v -48.506199 89.550797 41.867500
v -48.821701 90.041397 41.862202
v -49.036900 90.012001 42.112499
v -48.764301 89.995697 41.883301
v -48.609699 89.771698 41.910500
v -48.619900 89.833603 41.842400
v -48.528801 89.769897 41.827400
v -48.515301 89.701797 41.921299
v -48.519501 89.728699 41.759399
v -48.655800 89.790100 41.762901
v -48.529301 89.628899 41.673000
v -48.540501 89.599602 41.626202
v -48.510601 89.678902 41.734299
v -48.484001 89.504097 41.807400
v -48.529400 89.468697 41.714100
v -48.827499 89.967003 41.760201
v -48.841599 89.797600 41.627201
v -48.919800 89.883904 41.674000
v -48.600498 89.690002 41.618801
v -48.760399 89.742104 41.684898
v -48.773300 89.711700 41.639999
v -48.540600 89.538101 41.506100
v -49.034801 89.875198 41.616402
v -48.752300 89.686096 41.507801
v -48.654999 89.601303 41.381500
v -48.998100 89.744301 42.412899
v -49.023899 89.817703 42.365501
v -48.874500 89.809601 42.373199
v -48.806801 89.697998 42.341801
v -48.801498 89.858704 42.274300
v -48.733601 89.604897 42.240799
v -48.546799 89.446198 42.334202
v -48.463501 89.325401 42.400902
v -48.367001 89.403999 42.102299
v -48.390099 89.393097 41.953800
v -48.481201 89.502403 41.877201
v -48.393902 89.385399 41.867199
v -48.399601 89.322502 41.773998
v -48.385700 89.248299 41.670700
v -48.508499 89.431396 41.501900
v -48.459599 89.305901 41.480999
v -48.599701 89.441902 41.410801
v -48.658699 89.420799 41.401798
v -48.844501 89.658401 41.376598
v -48.841099 89.740097 41.530201
v -48.931702 89.757401 41.621700
v -49.013000 89.771202 41.557201
v -48.919701 90.032997 41.783600
v -49.288502 88.426300 42.242699
v -49.257198 88.367897 42.181400
v -49.102501 88.290901 42.189201
v -49.214901 88.275902 42.102200
v -49.315300 88.469902 42.018002
v -49.195801 88.240700 42.051498
v -49.168499 88.222504 41.954899
v -49.432800 88.481201 41.698601
v -49.495998 88.545097 41.820900
v -49.467201 88.742401 41.812302
v -49.482800 88.560204 41.906799
v -49.367100 88.648499 42.084999
v -49.348801 88.402901 41.808102
v -49.353802 88.443703 41.910099
v -49.222401 88.281097 41.793400
v -49.290199 88.360397 41.946899
v -49.025398 88.319504 42.317902
v -48.931499 88.320396 42.265301
v -48.903702 88.507797 42.372898
v -49.032700 88.252602 41.872601
v -48.911201 88.315201 41.991798
v -49.453400 88.911598 41.653599
v -49.488998 88.852203 41.791199
v -49.471699 88.941299 41.810200
v -49.387699 88.801300 41.696098
v -49.310799 88.704399 41.574902
v -49.003601 88.371002 41.737202
v -49.153500 88.275902 41.717300
v -49.230400 88.567902 41.499001
v -49.026600 89.163002 42.660400
v -48.901600 89.335403 42.526600
v -48.744701 89.249199 42.587601
v -48.878201 89.185699 42.622299
v -48.756901 89.334198 42.543098
v -48.823399 89.063004 42.544201
v -48.741699 88.929199 42.391201
v -48.791000 88.785500 42.499802
v -48.651501 88.789101 42.354698
v -48.566799 88.859596 42.293598
v -48.845798 88.703201 42.549599
v -48.846298 88.875298 42.550499
v -48.923801 88.799698 42.595299
v -48.774799 88.921303 42.458599
v -48.852501 88.932297 42.574100
v -48.706799 89.008102 42.441299
v -48.645500 89.426804 42.510799
v -48.583500 89.342003 42.517300
v -48.443699 89.278297 42.372898
v -48.927399 89.035599 42.607399
v -48.501499 89.102203 42.339500
v -48.724400 89.052299 42.457901
v -48.839699 89.574898 42.499699
v -48.750900 89.497597 42.514900
v -48.733501 89.529800 42.422798
v -49.003700 89.657898 42.506599
v -49.052601 89.521004 42.524200
v -48.980000 89.466797 42.536900
v -48.913700 89.395103 42.515301
v -49.086300 89.366402 42.576401
v -49.031399 89.059303 42.644199
v -48.816101 89.621101 42.416401
v -48.898399 88.574898 42.472099
v -48.689201 88.619202 42.426701
v -48.353699 89.277000 42.195499
v -48.719398 89.567902 42.264801
v -48.473000 89.077103 42.233299
v -48.493301 88.955803 42.269100
v -48.512402 89.026001 42.324100
v -48.604900 88.957703 42.342300
v -48.451900 88.950401 42.169800
v -48.541599 88.873703 42.063301
v -48.360001 89.073402 42.063999
v -48.371899 89.046402 41.963699
v -48.494801 88.882103 42.173500
v -48.543900 88.778603 42.180302
v -48.570900 88.776001 42.098598
v -48.611801 88.853600 41.977402
v -48.371799 89.037903 41.910900
v -48.631500 88.815201 41.958099
v -48.623402 88.844101 41.928799
v -48.582901 88.647598 42.103199
v -48.779900 88.445801 42.011299
v -48.736000 88.514397 41.946400
v -48.594601 88.533302 42.083698
v -48.792900 88.344597 42.169800
v -48.702900 88.424202 42.175900
v -48.453800 89.005501 41.795799
v -48.386501 89.082497 41.777401
v -48.581699 88.785301 41.797798
v -48.621399 88.581299 41.826099
v -48.607899 88.560097 41.972500
v -48.878201 88.500504 41.890900
v -48.382401 89.125397 41.672901
v -48.414001 89.243103 41.823700
v -48.616402 88.597603 41.721199
v -48.655201 88.587997 41.640499
v -48.615700 88.899200 41.720501
v -48.870800 88.510201 41.855701
v -48.938999 88.418999 41.817600
v -48.888599 88.484001 41.739799
v -48.558300 88.973000 41.641998
v -48.465698 89.139900 41.530201
v -48.376801 89.186699 41.591202
v -48.665001 88.795898 41.563202
v -48.614498 88.918098 41.612900
v -48.578300 89.092201 41.450199
v -48.637199 89.179398 41.394501
v -48.704399 88.797699 41.457500
v -48.712002 88.876801 41.435600
v -48.705002 88.967796 41.391800
v -48.704800 88.584999 41.555901
v -48.727798 88.716301 41.473999
v -48.870899 88.633904 41.522099
v -48.931702 88.462601 41.652901
v -48.946602 88.486900 41.545101
v -48.588200 88.775200 42.297501
v -48.688702 88.510201 42.260799
v -48.580799 88.522102 42.196499
v -48.603802 88.593201 42.320801
v -49.031300 88.592697 41.528000
v -48.803101 88.697800 41.490700
v -48.879299 88.762001 41.477402
v -48.860600 88.845398 41.394501
v -48.798100 88.923103 41.396801
v -48.612099 88.991203 41.575500
v -48.418900 89.229401 41.904701
v -49.500500 89.297600 41.605900
v -49.507198 89.191902 41.580601
v -49.526402 89.137703 41.604500
v -49.458900 89.057503 41.560299
v -49.470402 89.529701 41.530800
v -49.368099 89.486198 41.452801
v -49.410599 89.368599 41.538300
v -49.201599 89.460503 41.408001
v -49.334301 89.423798 41.432701
v -49.300701 89.185799 41.507500
v -49.381199 89.283897 41.500099
v -49.311798 89.354401 41.405602
v -49.189098 89.411003 41.386101
v -49.231899 89.319603 41.361698
v -49.163898 89.592003 41.385201
v -49.289799 89.128098 41.502602
v -49.412102 88.967102 41.502102
v -49.127899 89.267700 41.271702
v -49.092602 89.165100 41.259998
v -49.107201 89.529198 41.355701
v -49.014702 89.614403 41.410999
v -49.040100 89.450600 41.288898
v -49.346199 88.932198 41.447399
v -49.163399 88.899696 41.437000
v -49.198700 88.837303 41.465801
v -49.271000 88.973801 41.410400
v -49.194500 89.015900 41.358501
v -49.086601 89.344704 41.283600
v -48.978298 89.209702 41.304199
v -48.973801 89.343399 41.325001
v -49.147400 88.792900 41.458801
v -49.083199 88.877701 41.402599
v -49.072399 89.078201 41.243198
v -48.875500 89.054298 41.279099
v -49.003502 88.993103 41.264000
v -48.799198 89.307198 41.408298
v -48.902699 89.527100 41.313801
v -49.230400 88.679604 41.474300
v -49.005402 88.771797 41.530800
v -48.686199 89.237900 41.398998
v -49.481998 89.002701 41.807301
v -49.122898 89.793602 41.500198
v -49.042500 89.701500 41.438499
v -48.943001 89.726700 41.530399
v -48.947701 89.676598 41.418499
v -48.807701 89.604797 41.325699
v -48.699200 89.046303 41.330601
v -49.111698 88.465302 41.523102
v -49.280800 88.797699 41.482601
v -49.457100 88.998901 41.624001
v -49.351200 89.276398 42.487400
v -49.470200 88.868797 42.129799
v -49.440399 88.860497 42.213001
v -49.542900 89.510002 42.261799
v -49.537399 88.998901 41.990501
v -49.530998 88.885201 42.023800
v -49.329800 89.937302 42.027901
v -49.439602 89.806503 41.918900
v -48.755199 89.889900 41.776299
v -48.797401 89.748596 41.661598
v -48.912102 89.679100 42.487301
v -48.755001 89.590103 42.285000
v -48.563900 89.250504 41.423698
v -49.345600 88.506104 42.203300
v -49.385502 88.540199 42.060902
v -49.527000 88.801399 41.912102
v -49.499802 88.676903 41.880798
v -49.525002 88.841904 41.961899
v -49.142399 88.224998 41.809299
v -49.230999 88.367996 41.611099
v -49.344299 88.421204 41.619999
v -49.023201 88.409698 41.632702
v -48.788300 88.636299 42.515900
v -48.531700 88.883698 41.834400
v -48.616199 88.591599 41.859600
v -48.874699 88.396797 41.966099
v -49.160500 89.724899 41.428101
v -35.824799 106.563004 -340.859009
v -35.734798 106.492996 -340.688995
v -35.671700 106.583000 -340.957001
v -36.028801 106.559998 -340.859009
v -35.962700 106.514999 -340.777008
v -36.204601 106.266998 -341.056000
v -36.043201 106.233002 -340.947998
v -36.195400 106.375000 -341.062988
v -36.048901 106.206001 -340.940002
v -36.010300 106.223000 -340.739014
v -35.983799 106.304001 -340.760986
v -36.007301 106.394997 -340.841003
v -35.782700 106.119003 -340.544006
v -35.887901 106.096001 -340.567993
v -35.772800 105.931000 -340.605988
v -35.943699 106.011002 -340.589996
v -36.000000 106.057999 -340.716003
v -36.004501 105.945000 -340.588989
v -35.945400 106.172997 -340.677002
v -36.097599 106.597000 -340.925995
v -35.810200 106.292999 -340.704010
v -35.971500 106.392998 -340.773010
v -36.079800 105.973000 -340.700989
v -36.057201 105.901001 -340.592987
v -36.003399 106.115997 -340.739014
v -35.835602 106.224998 -340.682007
v -35.610298 106.754997 -340.988007
v -35.586601 106.671997 -340.950989
v -35.500599 106.751999 -340.967987
v -35.740398 106.735001 -340.996002
v -35.790100 106.639999 -340.954987
v -35.923100 106.771004 -341.018005
v -35.932598 106.651001 -340.941010
v -35.541302 106.619003 -340.877991
v -35.570499 106.545998 -340.760010
v -35.670601 106.488998 -340.661987
v -35.604099 106.389999 -340.614990
v -35.626598 106.459000 -340.648010
v -36.224098 106.244003 -341.153015
v -36.147900 105.920998 -340.864990
v -36.132198 105.980003 -340.881012
v -36.093498 106.059998 -340.778992
v -36.145401 106.565002 -340.992004
v -35.880798 105.694000 -340.518005
v -35.760700 105.736000 -340.537994
v -35.924099 105.688004 -340.511993
v -35.793999 105.887001 -340.605011
v -35.921700 105.885002 -340.588013
v -35.694000 105.811996 -340.556000
v -35.656799 105.915001 -340.554993
v -35.639599 106.123001 -340.497009
v -35.667400 106.231003 -340.582001
v -36.066601 105.797997 -340.553986
v -35.581299 106.928001 -341.179993
v -35.719601 106.897003 -341.217010
v -35.631500 106.904999 -341.053986
v -35.796200 106.809998 -341.618011
v -35.783401 106.864998 -341.475006
v -35.709702 106.890999 -341.500000
v -35.966301 106.719002 -341.583008
v -35.980400 106.749001 -341.369995
v -36.193001 106.519997 -341.196014
v -36.059200 106.627998 -341.210999
v -36.180199 106.510002 -341.335999
v -36.091099 106.555000 -341.467010
v -36.000000 106.696999 -341.199005
v -36.019100 106.642998 -341.485992
v -35.557301 106.865997 -341.045990
v -35.813301 106.827003 -341.028992
v -35.834301 106.642998 -341.795990
v -35.912899 106.664001 -341.748993
v -35.724499 106.695999 -341.770996
v -36.033100 106.531998 -341.679993
v -36.027699 106.584000 -341.613007
v -35.662701 106.919998 -341.403015
v -35.553799 106.738998 -341.709991
v -36.206001 106.516998 -341.070007
v -36.185600 106.338997 -341.337006
v -36.240002 106.304001 -341.216003
v -36.175598 106.459999 -341.503998
v -35.260799 106.483002 -341.162994
v -35.211601 106.512001 -341.235992
v -35.231400 106.611000 -341.221985
v -35.194401 106.390999 -341.157990
v -35.149101 106.412003 -341.253998
v -35.080399 106.265999 -341.192993
v -35.272400 106.726997 -341.296997
v -35.356098 106.818001 -341.425995
v -35.417000 106.768997 -341.221008
v -35.270699 106.651001 -341.333008
v -35.282001 106.704002 -341.408997
v -35.264500 106.581001 -341.489990
v -35.122700 106.345001 -341.388000
v -35.276100 106.494003 -341.355988
v -35.073299 106.307999 -341.277008
v -35.198601 106.231003 -341.468994
v -35.325699 106.742996 -341.612000
v -35.453899 106.872002 -341.359985
v -35.284599 106.691002 -341.584991
v -35.211399 106.460999 -341.500000
v -35.219299 106.495003 -341.579010
v -35.164001 106.405998 -341.580994
v -35.148499 106.373001 -341.476990
v -35.185600 106.348999 -341.625000
v -35.283001 106.449997 -341.627014
v -35.245201 106.246002 -341.661011
v -35.275398 106.212997 -341.687988
v -35.199001 106.297997 -341.628998
v -35.208801 106.167000 -341.506012
v -35.281799 106.127998 -341.566986
v -35.378399 106.654999 -341.670990
v -35.474098 106.484001 -341.721008
v -35.503502 106.596001 -341.701996
v -35.301998 106.306000 -341.720001
v -35.406300 106.426003 -341.661987
v -35.437698 106.392998 -341.687012
v -35.324100 106.127998 -341.768005
v -35.618999 106.614998 -341.733002
v -35.461102 106.325996 -341.794006
v -35.435101 106.183998 -341.882996
v -35.422298 106.727997 -341.010010
v -35.435001 106.782997 -341.074005
v -35.307800 106.723999 -341.084015
v -35.290798 106.598999 -341.079010
v -35.256500 106.708000 -341.196014
v -35.281399 106.467003 -341.140991
v -35.144501 106.296997 -341.027008
v -35.091801 106.188004 -340.937012
v -35.062801 106.128998 -341.233002
v -35.123699 106.085999 -341.352997
v -35.188999 106.184998 -341.446014
v -35.151299 106.055000 -341.424011
v -35.198399 105.978996 -341.479004
v -35.234699 105.884003 -341.541992
v -35.329102 106.028000 -341.737000
v -35.329399 105.902000 -341.714996
v -35.427101 106.042999 -341.807007
v -35.485901 106.044998 -341.799011
v -35.581402 106.299004 -341.882996
v -35.515301 106.408997 -341.782990
v -35.564201 106.483002 -341.699005
v -35.646000 106.504997 -341.748993
v -35.431801 106.750000 -341.662994
v -36.099300 105.713997 -340.635010
v -36.105400 105.637001 -340.670990
v -35.993900 105.519997 -340.656006
v -36.116501 105.524002 -340.709991
v -36.166901 105.693001 -340.839996
v -36.123501 105.473000 -340.743011
v -36.130199 105.419998 -340.821991
v -36.345600 105.652000 -341.101013
v -36.349499 105.763000 -341.011993
v -36.269402 105.910004 -341.095001
v -36.311901 105.795998 -340.946014
v -36.141701 105.876999 -340.841003
v -36.268799 105.589996 -340.989990
v -36.235100 105.654999 -340.916992
v -36.200401 105.440002 -340.973999
v -36.195801 105.574997 -340.864014
v -35.886902 105.553001 -340.566010
v -35.820000 105.503998 -340.623993
v -35.713902 105.677002 -340.604004
v -36.026600 105.371002 -340.920990
v -35.874100 105.412003 -340.858002
v -36.248699 105.996002 -341.294006
v -36.261200 106.000999 -341.151001
v -36.215500 106.072998 -341.169006
v -36.214100 105.894997 -341.226013
v -36.207802 105.752998 -341.303986
v -36.001701 105.417000 -341.084015
v -36.162601 105.389000 -341.045990
v -36.198601 105.589996 -341.329987
v -35.553398 106.337997 -340.583008
v -35.430500 106.393997 -340.776001
v -35.306301 106.283997 -340.713013
v -35.429901 106.291000 -340.643005
v -35.303200 106.344002 -340.781006
v -35.438999 106.149002 -340.671997
v -35.447601 105.964996 -340.764008
v -35.504002 105.899002 -340.612000
v -35.421001 105.807999 -340.756012
v -35.343700 105.816002 -340.845001
v -35.562099 105.865997 -340.532990
v -35.511902 106.007004 -340.595001
v -35.588699 105.987000 -340.519012
v -35.460899 105.990997 -340.699005
v -35.494499 106.061996 -340.595001
v -35.381901 106.030998 -340.755005
v -35.189301 106.369003 -340.856995
v -35.159500 106.279999 -340.828003
v -35.095798 106.135002 -340.946014
v -35.519600 106.182999 -340.593994
v -35.205200 106.002998 -340.903015
v -35.379700 106.079002 -340.753998
v -35.314499 106.557999 -340.894989
v -35.257500 106.467003 -340.864990
v -35.256699 106.459999 -340.958008
v -35.428398 106.686996 -340.898010
v -35.505699 106.598999 -340.826996
v -35.456402 106.531998 -340.804993
v -35.426300 106.443001 -340.806000
v -35.566299 106.500999 -340.721008
v -35.591999 106.250999 -340.558014
v -35.302101 106.561996 -340.985992
v -35.664299 105.759003 -340.545013
v -35.484501 105.705002 -340.627014
v -35.064800 106.049004 -341.109009
v -35.273899 106.439003 -341.109009
v -35.215401 105.941002 -340.988007
v -35.259102 105.860001 -340.910004
v -35.240799 105.941002 -340.886993
v -35.334999 105.924004 -340.834015
v -35.250702 105.811996 -340.998993
v -35.376999 105.750999 -341.049988
v -35.163399 105.847000 -341.145996
v -35.207100 105.800003 -341.220001
v -35.306400 105.773003 -340.964996
v -35.376801 105.709000 -340.915009
v -35.421501 105.693001 -340.980011
v -35.464802 105.736000 -341.105988
v -35.223000 105.778000 -341.261993
v -35.497700 105.706001 -341.105988
v -35.489799 105.718002 -341.143005
v -35.468201 105.594002 -340.927002
v -35.718899 105.475998 -340.906006
v -35.677898 105.496002 -340.993011
v -35.516602 105.500000 -340.901001
v -35.719002 105.445000 -340.731995
v -35.617401 105.477997 -340.768005
v -35.331902 105.748001 -341.338013
v -35.256699 105.779999 -341.390015
v -35.504902 105.616997 -341.239014
v -35.591301 105.473999 -341.135010
v -35.548500 105.494003 -341.003998
v -35.817600 105.521004 -341.015991
v -35.267200 105.782997 -341.496002
v -35.221199 105.933998 -341.406006
v -35.609100 105.454002 -341.230988
v -35.665699 105.436996 -341.290985
v -35.520401 105.698997 -341.342010
v -35.817402 105.515999 -341.050995
v -35.911999 105.456001 -341.040985
v -35.869900 105.467003 -341.138000
v -35.469898 105.714996 -341.442993
v -35.370701 105.783997 -341.612000
v -35.265499 105.806999 -341.588989
v -35.632999 105.586998 -341.432007
v -35.541401 105.681999 -341.441010
v -35.501202 105.763000 -341.648010
v -35.540100 105.838997 -341.720001
v -35.693001 105.571999 -341.518005
v -35.681999 105.633003 -341.563995
v -35.660599 105.691002 -341.635986
v -35.730598 105.428001 -341.355988
v -35.732700 105.518997 -341.471008
v -35.866501 105.518997 -341.381012
v -35.935101 105.440002 -341.199005
v -35.968300 105.433998 -341.298004
v -35.385700 105.757004 -340.808014
v -35.558300 105.568001 -340.729004
v -35.479301 105.518997 -340.802002
v -35.446301 105.622002 -340.718994
v -36.014000 105.545998 -341.339996
v -35.798100 105.537003 -341.440002
v -35.847698 105.612999 -341.464996
v -35.828499 105.650002 -341.567993
v -35.751900 105.690002 -341.602997
v -35.527500 105.730003 -341.500000
v -35.208698 105.948997 -341.330994
v -36.188099 106.313004 -341.470001
v -36.231300 106.222000 -341.451996
v -36.257401 106.192001 -341.408997
v -36.234600 106.088997 -341.427002
v -36.113701 106.468002 -341.622986
v -36.059101 106.373001 -341.687012
v -36.107899 106.318001 -341.566010
v -35.936001 106.278000 -341.738007
v -36.053699 106.304001 -341.686005
v -36.075500 106.120003 -341.539001
v -36.117401 106.226997 -341.571014
v -36.061699 106.231003 -341.687012
v -35.945400 106.226997 -341.739990
v -36.014900 106.161003 -341.721985
v -35.871201 106.363998 -341.809998
v -36.084400 106.068001 -341.523987
v -36.235901 105.982002 -341.449005
v -35.964401 106.055000 -341.792999
v -35.967300 105.955002 -341.769989
v -35.848801 106.283997 -341.820007
v -35.730701 106.334999 -341.816010
v -35.831501 106.176003 -341.856995
v -36.203899 105.913002 -341.492004
v -36.060200 105.817001 -341.513000
v -36.101101 105.788002 -341.460999
v -36.137001 105.908997 -341.548004
v -36.072701 105.900002 -341.618011
v -35.903500 106.105003 -341.816010
v -35.845402 105.961998 -341.764008
v -35.797100 106.074997 -341.795013
v -36.072102 105.731003 -341.457001
v -36.006901 105.760002 -341.544006
v -35.979801 105.872002 -341.755005
v -35.809601 105.791000 -341.740997
v -35.940601 105.783997 -341.714996
v -35.637402 106.005997 -341.734009
v -35.685501 106.195000 -341.881012
v -36.172199 105.674004 -341.391998
v -35.938702 105.682999 -341.406006
v -35.563702 105.905998 -341.730988
v -36.207100 106.125999 -341.192993
v -35.747799 106.546997 -341.790985
v -35.721901 106.424004 -341.821014
v -35.606098 106.434998 -341.764008
v -35.653400 106.363998 -341.841003
v -35.578602 106.226997 -341.911987
v -35.648300 105.735001 -341.717987
v -36.121101 105.470001 -341.286987
v -36.178600 105.790001 -341.420990
v -36.233898 106.059998 -341.351013
v -35.841499 106.499001 -340.730011
v -36.153801 106.107002 -340.869995
v -36.109501 106.112999 -340.799988
v -35.994400 106.693001 -340.983002
v -36.208698 106.195999 -341.028015
v -36.228001 106.111000 -340.959015
v -35.747299 106.892998 -341.365997
v -35.907200 106.795998 -341.397003
v -35.335201 106.570999 -341.639008
v -35.441898 106.438004 -341.678986
v -35.348999 106.665001 -340.933990
v -35.292702 106.475998 -341.095001
v -35.449299 105.878998 -341.730011
v -36.134800 105.788002 -340.691010
v -36.195301 105.789001 -340.820007
v -36.277599 106.009003 -341.023987
v -36.298901 105.889000 -341.009003
v -36.251301 106.056000 -340.996002
v -36.144501 105.370003 -340.950989
v -36.228901 105.460999 -341.161011
v -36.307701 105.547997 -341.157990
v -36.033901 105.425003 -341.184998
v -35.541199 105.780998 -340.544006
v -35.424099 105.689003 -341.250000
v -35.575298 105.489998 -341.110992
v -35.825600 105.457001 -340.915009
v -35.818401 106.484001 -341.822998
v 5.304070 -71.943298 -110.933998
v 5.191780 -72.047699 -111.128998
v 5.146220 -71.792198 -110.889999
v 5.511320 -72.054398 -110.855003
v 5.426790 -72.103401 -110.954002
v 5.475870 -72.335403 -110.469002
v 5.304350 -72.335800 -110.636002
v 5.534700 -72.221603 -110.502998
v 5.294240 -72.368599 -110.633003
v 5.294290 -72.431999 -110.874001
v 5.315700 -72.327904 -110.888000
v 5.386550 -72.212303 -110.823997
v 5.023020 -72.508202 -111.137001
v 5.112780 -72.574303 -111.061996
v 4.884150 -72.654404 -111.005997
v 5.112530 -72.676102 -110.987999
v 5.181810 -72.598000 -110.844002
v 5.132270 -72.773399 -110.941002
v 5.204980 -72.476501 -110.948997
v 5.595380 -72.022499 -110.767998
v 5.139470 -72.273804 -111.013000
v 5.358000 -72.229599 -110.912003
v 5.211640 -72.730003 -110.800003
v 5.158170 -72.841698 -110.902000
v 5.218810 -72.532303 -110.837997
v 5.125100 -72.364998 -111.002998
v 5.188820 -71.576897 -110.940002
v 5.116910 -71.663300 -110.960999
v 5.077150 -71.531601 -111.001999
v 5.308230 -71.662300 -110.875999
v 5.304090 -71.801697 -110.867996
v 5.514750 -71.714401 -110.795998
v 5.459190 -71.874199 -110.834999
v 5.046830 -71.727600 -111.039001
v 5.047160 -71.872902 -111.132004
v 5.127180 -72.030296 -111.181000
v 5.003190 -72.113998 -111.223000
v 5.065440 -72.042603 -111.203003
v 5.467110 -72.320000 -110.346001
v 5.224490 -72.735802 -110.575996
v 5.243450 -72.662697 -110.585999
v 5.269590 -72.614700 -110.739998
v 5.614350 -72.046700 -110.667000
v 4.855910 -72.986099 -110.976997
v 4.756980 -72.871201 -111.015999
v 4.897510 -73.017899 -110.966003
v 4.877690 -72.709198 -110.983002
v 5.009900 -72.787498 -110.953003
v 4.734700 -72.752602 -111.047997
v 4.762120 -72.633202 -111.098999
v 4.885610 -72.451401 -111.244003
v 4.970870 -72.319099 -111.178001
v 5.107450 -72.966400 -110.903999
v 5.242040 -71.298203 -110.803001
v 5.358530 -71.383904 -110.698997
v 5.296360 -71.410797 -110.914001
v 5.323810 -71.309502 -110.198997
v 5.366020 -71.320702 -110.379997
v 5.303610 -71.243599 -110.389000
v 5.444680 -71.506104 -110.139999
v 5.508660 -71.591003 -110.378998
v 5.605250 -72.013702 -110.408997
v 5.534970 -71.830299 -110.482002
v 5.565830 -71.946297 -110.255997
v 5.484390 -71.790100 -110.162003
v 5.520480 -71.736702 -110.541000
v 5.464290 -71.656403 -110.199997
v 5.196870 -71.412697 -110.936996
v 5.436820 -71.595497 -110.845001
v 5.230200 -71.403603 -109.929001
v 5.331220 -71.448303 -109.959000
v 5.155290 -71.305702 -110.015999
v 5.379580 -71.675201 -109.941002
v 5.417130 -71.654999 -110.036003
v 5.288240 -71.238297 -110.524002
v 5.016510 -71.203598 -110.163002
v 5.634640 -72.086899 -110.542000
v 5.461760 -72.115501 -110.192001
v 5.513040 -72.238098 -110.292999
v 5.505180 -71.908798 -110.056000
v 4.632150 -71.566902 -110.782997
v 4.589510 -71.476799 -110.732002
v 4.674920 -71.398300 -110.775002
v 4.506190 -71.623299 -110.780998
v 4.459420 -71.531197 -110.699997
v 4.304470 -71.666199 -110.739998
v 4.780510 -71.269600 -110.718002
v 4.905730 -71.162102 -110.578003
v 4.966160 -71.344803 -110.763000
v 4.724700 -71.325104 -110.652000
v 4.759250 -71.241600 -110.583000
v 4.651240 -71.311302 -110.457001
v 4.370160 -71.515099 -110.538002
v 4.627190 -71.468498 -110.569000
v 4.312000 -71.579803 -110.666000
v 4.363530 -71.626099 -110.379997
v 4.800120 -71.125504 -110.358002
v 5.049440 -71.195602 -110.633003
v 4.728860 -71.167603 -110.385002
v 4.518900 -71.394501 -110.424004
v 4.537380 -71.326103 -110.346001
v 4.423520 -71.382599 -110.333000
v 4.401500 -71.457703 -110.441002
v 4.402960 -71.427299 -110.255997
v 4.566820 -71.380699 -110.252998
v 4.393320 -71.540901 -110.156998
v 4.398850 -71.575699 -110.103996
v 4.383500 -71.481796 -110.227997
v 4.327990 -71.674797 -110.313004
v 4.368830 -71.721802 -110.205002
v 4.789450 -71.209801 -110.241997
v 4.770900 -71.402496 -110.089996
v 4.875430 -71.318398 -110.139999
v 4.481130 -71.483597 -110.092003
v 4.672950 -71.451698 -110.160004
v 4.680360 -71.487900 -110.108002
v 4.383070 -71.644302 -109.967003
v 5.000800 -71.347000 -110.069000
v 4.646190 -71.512802 -109.959000
v 4.516460 -71.591599 -109.820000
v 4.975440 -71.492203 -110.976997
v 5.014510 -71.413597 -110.921997
v 4.845210 -71.397903 -110.938004
v 4.748960 -71.512398 -110.904999
v 4.766530 -71.329903 -110.828003
v 4.646290 -71.604599 -110.793999
v 4.414010 -71.752899 -110.910004
v 4.303370 -71.875504 -110.989998
v 4.193580 -71.769501 -110.653999
v 4.210730 -71.785004 -110.484001
v 4.327870 -71.676498 -110.391998
v 4.209590 -71.793800 -110.385002
v 4.201140 -71.865303 -110.278999
v 4.168300 -71.946098 -110.163002
v 4.329020 -71.759300 -109.963997
v 4.252130 -71.892502 -109.943001
v 4.429110 -71.762100 -109.856003
v 4.491650 -71.795700 -109.843002
v 4.739140 -71.558601 -109.805000
v 4.756190 -71.466698 -109.980003
v 4.865470 -71.462700 -110.080002
v 4.956220 -71.460297 -110.001999
v 4.905310 -71.150803 -110.264000
v 5.075470 -73.025101 -110.773003
v 5.027650 -73.085503 -110.704002
v 4.841010 -73.146599 -110.721001
v 4.960970 -73.181801 -110.615997
v 5.102270 -72.979401 -110.514999
v 4.931220 -73.218002 -110.559998
v 4.892880 -73.233597 -110.450996
v 5.221320 -72.984703 -110.146004
v 5.308900 -72.923599 -110.281998
v 5.308810 -72.696503 -110.273003
v 5.300650 -72.904900 -110.380997
v 5.193420 -72.787003 -110.588997
v 5.118950 -73.059502 -110.275002
v 5.136230 -73.014801 -110.390999
v 4.955710 -73.175697 -110.264999
v 5.052530 -73.098297 -110.435997
v 4.765030 -73.102203 -110.871002
v 4.657000 -73.085297 -110.816002
v 4.661880 -72.870102 -110.939003
v 4.741100 -73.176598 -110.363998
v 4.620330 -73.086502 -110.504997
v 5.313900 -72.502800 -110.093002
v 5.350610 -72.576202 -110.248001
v 5.346840 -72.473000 -110.269997
v 5.223630 -72.616402 -110.144997
v 5.115240 -72.712196 -110.011002
v 4.721560 -73.037697 -110.210999
v 4.873620 -73.169800 -110.181000
v 4.998420 -72.852402 -109.928001
v 4.922690 -72.153297 -111.259003
v 4.804220 -71.937599 -111.112000
v 4.616210 -72.009003 -111.189003
v 4.757530 -72.102898 -111.222000
v 4.641860 -71.915001 -111.138000
v 4.671740 -72.231796 -111.136002
v 4.550280 -72.368301 -110.966003
v 4.587080 -72.538902 -111.087997
v 4.423710 -72.511002 -110.929001
v 4.337230 -72.417099 -110.863998
v 4.637490 -72.640999 -111.141998
v 4.666730 -72.447098 -111.142998
v 4.743570 -72.545403 -111.190002
v 4.589440 -72.382896 -111.042000
v 4.684280 -72.384003 -111.168999
v 4.526460 -72.273804 -111.025002
v 4.530300 -71.791901 -111.106003
v 4.446670 -71.877296 -111.116997
v 4.271900 -71.925201 -110.959000
v 4.787350 -72.280197 -111.203003
v 4.306140 -72.133102 -110.918999
v 4.554400 -72.226997 -111.042999
v 4.773070 -71.657204 -111.084000
v 4.660980 -71.729698 -111.105003
v 4.642300 -71.690102 -111.000999
v 4.971870 -71.591003 -111.084000
v 5.005020 -71.753502 -111.101997
v 4.914910 -71.802498 -111.120003
v 4.827240 -71.872299 -111.098000
v 5.019780 -71.933502 -111.160004
v 4.910110 -72.270897 -111.239998
v 4.750180 -71.600800 -110.989998
v 4.671730 -72.793900 -111.052002
v 4.441450 -72.709000 -111.010002
v 4.161910 -71.910896 -110.761002
v 4.625300 -71.643997 -110.821999
v 4.264880 -72.156097 -110.799004
v 4.269290 -72.296402 -110.838997
v 4.305040 -72.220802 -110.901001
v 4.398750 -72.313103 -110.917000
v 4.216990 -72.295197 -110.727997
v 4.300270 -72.396103 -110.602997
v 4.128990 -72.140800 -110.612000
v 4.133140 -72.172699 -110.497002
v 4.254180 -72.379303 -110.730003
v 4.292600 -72.504097 -110.736000
v 4.318700 -72.511101 -110.641998
v 4.371930 -72.430000 -110.501999
v 4.129150 -72.181999 -110.436996
v 4.386810 -72.476402 -110.478996
v 4.381090 -72.442299 -110.445999
v 4.311150 -72.657898 -110.647003
v 4.495110 -72.917603 -110.532997
v 4.454000 -72.832703 -110.460999
v 4.304380 -72.788597 -110.624001
v 4.500370 -73.034599 -110.712997
v 4.412600 -72.930000 -110.723999
v 4.210620 -72.231598 -110.302002
v 4.146790 -72.133598 -110.283997
v 4.318180 -72.500999 -110.299004
v 4.330310 -72.737701 -110.330002
v 4.318530 -72.760002 -110.497002
v 4.609200 -72.871803 -110.390999
v 4.144250 -72.084000 -110.166000
v 4.206530 -71.957397 -110.334999
v 4.322480 -72.718102 -110.210999
v 4.360740 -72.734802 -110.116997
v 4.371700 -72.377899 -110.209000
v 4.600760 -72.859398 -110.351997
v 4.660620 -72.973297 -110.305000
v 4.610970 -72.891403 -110.219002
v 4.315610 -72.284897 -110.122002
v 4.233800 -72.080803 -109.999001
v 4.144360 -72.013603 -110.072998
v 4.402670 -72.501801 -110.028000
v 4.368440 -72.355904 -110.086998
v 4.348890 -72.152901 -109.903000
v 4.427030 -72.064201 -109.835999
v 4.442220 -72.505798 -109.905998
v 4.462920 -72.417801 -109.879997
v 4.468070 -72.313904 -109.830002
v 4.412100 -72.746201 -110.017998
v 4.455930 -72.601501 -109.924004
v 4.605590 -72.718399 -109.972000
v 4.651780 -72.922203 -110.117996
v 4.667590 -72.896698 -109.995003
v 4.347410 -72.515900 -110.866997
v 4.414890 -72.831001 -110.821999
v 4.292330 -72.799400 -110.752998
v 4.335940 -72.723701 -110.893997
v 4.779660 -72.791496 -109.971001
v 4.538460 -72.635002 -109.939003
v 4.634220 -72.575203 -109.919998
v 4.623170 -72.477699 -109.825996
v 4.565760 -72.379799 -109.832001
v 4.376100 -72.273003 -110.043999
v 4.213690 -71.973999 -110.427002
v 5.428780 -72.075302 -110.036003
v 5.417660 -72.195396 -110.007004
v 5.431370 -72.259804 -110.032997
v 5.339930 -72.338799 -109.986000
v 5.429890 -71.808296 -109.950996
v 5.303760 -71.839996 -109.866997
v 5.336140 -71.980003 -109.962997
v 5.109940 -71.841202 -109.823997
v 5.254380 -71.904701 -109.846001
v 5.180550 -72.167603 -109.932999
v 5.287140 -72.070396 -109.920998
v 5.216320 -71.978996 -109.817001
v 5.086570 -71.894798 -109.800003
v 5.118430 -72.004700 -109.769997
v 5.088260 -71.686501 -109.800003
v 5.158550 -72.230904 -109.928001
v 5.269430 -72.432602 -109.921997
v 4.988470 -72.045502 -109.672997
v 4.931120 -72.155296 -109.662003
v 5.012570 -71.747803 -109.768997
v 4.925160 -71.636597 -109.835999
v 4.920750 -71.824898 -109.695999
v 5.186830 -72.460800 -109.862999
v 4.975140 -72.467003 -109.860001
v 5.005820 -72.543297 -109.891998
v 5.107310 -72.401199 -109.824997
v 5.025680 -72.340797 -109.768997
v 4.955240 -71.952003 -109.688004
v 4.811880 -72.086304 -109.717003
v 4.830000 -71.934799 -109.740997
v 4.940410 -72.584801 -109.886002
v 4.879500 -72.478302 -109.824997
v 4.893120 -72.249802 -109.643997
v 4.669130 -72.244202 -109.694000
v 4.802400 -72.334396 -109.670998
v 4.631370 -71.947098 -109.844002
v 4.779900 -71.716003 -109.731003
v 5.015780 -72.726402 -109.900002
v 4.780360 -72.585297 -109.974998
v 4.492140 -72.006401 -109.838997
v 5.368510 -72.405502 -110.265999
v 5.080950 -71.453102 -109.931999
v 4.972210 -71.543297 -109.865997
v 4.868730 -71.498703 -109.974998
v 4.860360 -71.555397 -109.848000
v 4.686390 -71.612602 -109.749001
v 4.471740 -72.224197 -109.761002
v 4.848850 -72.948402 -109.961998
v 5.092600 -72.601700 -109.906998
v 5.331170 -72.404900 -110.058998
v 5.298880 -72.078598 -111.045998
v 5.348270 -72.556000 -110.634003
v 5.317260 -72.560799 -110.731003
v 5.542910 -71.846001 -110.779999
v 5.439010 -72.419899 -110.472000
v 5.414440 -72.547096 -110.511002
v 5.362800 -71.327904 -110.523003
v 5.459570 -71.493103 -110.393997
v 4.696000 -71.284798 -110.264000
v 4.714650 -71.450500 -110.130997
v 4.871350 -71.551804 -111.066002
v 4.670080 -71.625000 -110.843002
v 4.357720 -71.972000 -109.873001
v 5.151180 -72.944504 -110.724998
v 5.195070 -72.912102 -110.560997
v 5.390710 -72.640404 -110.384003
v 5.337940 -72.776100 -110.349998
v 5.397550 -72.594597 -110.441002
v 4.857090 -73.225700 -110.287003
v 4.971210 -73.078300 -110.056000
v 5.108040 -73.037201 -110.060997
v 4.745110 -72.996902 -110.091003
v 4.560070 -72.706703 -111.107002
v 4.279910 -72.382103 -110.343002
v 4.327810 -72.725403 -110.367996
v 4.591500 -72.988403 -110.476997
v 5.108500 -71.536400 -109.848999
vt 0.568417 0.525187
vt 0.354385 0.718746
vt 0.654206 0.112814
vt 0.474658 0.283811
vt 0.401796 0.591740
vt 0.209741 0.785553
vt 0.555264 0.149282
vt 0.361576 0.547480
vt 0.950031 0.326921
vt 0.305700 0.695713
vt 0.198500 0.735540
vt 0.423119 0.389219
vt 0.413081 0.470081
vt 0.325765 0.736610
vt 0.595256 0.485230
vt 0.162758 0.751638
vt 0.614848 0.308502
vt 0.260378 0.786766
vt 0.491035 0.643195
vt 0.685266 0.646496
vt 0.629972 0.323832
vt 0.237152 0.602030
vt 0.421609 0.709407
vt 0.271771 0.878804
vt 0.714125 0.412568
vt 0.735048 0.398317
vt 0.558179 0.593161
vt 0.717337 0.259822
vt 0.572255 0.369554
vt 0.595892 0.649230
vt 0.502655 0.587879
vt 0.183068 0.763575
vt 0.416168 0.409864
vt 0.322511 0.601213
vt 0.459140 0.692797
vt 0.196579 0.545180
vt 0.629748 0.569321
vt 0.189653 0.408871
vt 0.459809 0.441413
vt 0.634891 0.580299
vt 0.388081 0.451008
vt 0.560958 0.345511
vt 0.410116 0.651957
vt 0.171973 0.594180
vt 0.609475 0.460499
vt 0.456804 0.543059
vt 0.394814 0.762629
vt 0.425619 0.501274
vt 0.579844 0.330623
vt 0.532701 0.521382
vt 0.408797 0.494004
vt 0.424632 0.634884
vt 0.258106 0.508436
vt 0.476455 0.624017
vt 0.582708 0.549254
vt 0.331902 0.976168
vt 0.446291 0.571619
vt 0.661726 0.489708
vt 0.574063 0.537147
vt 0.519290 0.513304
vt 0.544868 0.430587
vt 0.487398 0.578513
vt 0.701720 0.479824
vt 0.444557 0.521606
vt 0.473903 0.382822
vt 0.573749 0.720558
vt 0.642778 0.393371
vt 0.322996 0.978207
vt 0.159425 0.761783
vt 0.262806 0.612805
vt 0.253197 0.380538
vt 0.526269 0.608211
vt 0.236749 0.273287
vt 0.586252 0.321506
vt 0.338553 0.580122
vt 0.593895 0.467812
vt 0.539624 0.766650
vt 0.423722 0.534437
vt 0.409285 0.424502
vt 0.314324 0.407405
vt 0.246705 0.268395
vt 0.392833 0.813963
vt 0.460082 0.872241
vt 0.546526 0.135626
vt 0.564738 0.842217
vt 0.927056 0.210762
vt 0.904408 0.620790
vt 0.399595 0.558415
vt 0.469599 0.273915
vt 0.494663 0.485744
vt 0.841964 0.609038
vt 0.367567 0.558185
vt 0.875609 0.546389
vt 0.029035 0.259405
vt 0.890042 0.746817
vt 0.265954 0.504104
vt 0.822007 0.307514
vt 0.450413 0.656909
vt 0.626529 0.644004
vt 0.261060 0.485770
vt 0.326357 0.473465
vt 0.941089 0.309826
vt 0.730029 0.700545
vt 0.924378 0.395517
vt 0.629362 0.476559
vt 0.710522 0.321784
vt 0.370333 0.271675
vt 0.889059 0.504674
vt 0.440682 0.431642
vt 0.450147 0.565625
vt 0.690400 0.489686
vt 0.741218 0.314459
vt 0.533701 0.515665
vt 0.888249 0.472254
vt 0.333994 0.614672
vt 0.235808 0.615465
vt 0.522282 0.424144
vt 0.457089 0.587509
vt 0.521614 0.477282
vt 0.731395 0.431196
vt 0.446764 0.144747
vt 0.499753 0.924755
vt 0.880530 0.850903
vt 0.631931 0.587827
vt 0.716359 0.676057
vt 0.227422 0.324050
vt 0.657946 0.522587
vt 0.581898 0.731014
vt 0.504380 0.517560
vt 0.600670 0.717754
vt 0.588837 0.359094
vt 0.264236 0.675012
vt 0.484237 0.344399
vt 0.368887 0.538362
vt 0.550703 0.413221
vt 0.626173 0.580000
vt 0.453467 0.392012
vt 0.600090 0.486621
vt 0.341044 0.331746
vt 0.623926 0.452524
vt 0.501232 0.490548
vt 0.501586 0.482144
vt 0.577502 0.371706
vt 0.109860 0.583334
vt 0.247357 0.727506
vt 0.610093 0.538780
vt 0.141878 0.507613
vt 0.935195 0.432117
vt 0.277237 0.680969
vt 0.327730 0.552693
vt 0.053668 0.235477
vt 0.048925 0.451040
vt 0.557017 0.517373
vt 0.048624 0.387692
vt 0.691947 0.370048
vt 0.701350 0.278902
vt 0.873391 0.441134
vt 0.492136 0.586614
vt 0.442739 0.318551
vt 0.556296 0.319058
vt 0.444246 0.599339
vt 0.507412 0.584462
vt 0.666734 0.593316
vt 0.408351 0.461943
vt 0.418211 0.498012
vt 0.564930 0.539413
vt 0.688235 0.452936
vt 0.509026 0.612662
vt 0.502003 0.686465
vt 0.625301 0.439999
vt 0.372366 0.232020
vt 0.429289 0.634191
vt 0.359722 0.364077
vt 0.586765 0.611854
vt 0.539596 0.420603
vt 0.499872 0.730571
vt 0.626721 0.366151
vt 0.372892 0.461420
vt 0.348495 0.326838
vt 0.418833 0.846650
vt 0.382808 0.232942
vt 0.731994 0.638555
vt 0.640971 0.462222
vt 0.530966 0.873160
vt 0.377520 0.397148
vt 0.550434 0.350174
vt 0.680971 0.605935
vt 0.541761 0.382653
vt 0.760841 0.901115
vt 0.424817 0.880633
vt 0.878350 0.772152
vt 0.542293 0.440349
vt 0.783769 0.796315
vt 0.277444 0.318677
vt 0.586620 0.746949
vt 0.688635 0.856984
vt 0.252708 0.511212
vt 0.528169 0.849080
vt 0.282235 0.656119
vt 0.492814 0.524772
vt 0.370646 0.490596
vt 0.271511 0.426387
vt 0.588699 0.474539
vt 0.546141 0.493258
vt 0.418255 0.511567
vt 0.517567 0.504821
vt 0.544363 0.514809
vt 0.239036 0.182653
vt 0.526968 0.407507
vt 0.673772 0.695155
vt 0.670892 0.809040
vt 0.461266 0.477662
vt 0.462155 0.518270
vt 0.458781 0.385971
vt 0.519723 0.425725
vt 0.581753 0.432863
vt 0.468692 0.395826
vt 0.508368 0.485379
vt 0.349251 0.653996
vt 0.473391 0.545826
vt 0.631547 0.559352
vt 0.716237 0.496472
vt 0.470043 0.617272
vt 0.472044 0.538198
vt 0.547962 0.436395
vt 0.358130 0.456537
vt 0.662702 0.548441
vt 0.457846 0.653441
vt 0.621358 0.490739
vt 0.563994 0.633152
vt 0.375012 0.308654
vt 0.498376 0.344122
vt 0.679857 0.415048
vt 0.356731 0.548224
vt 0.375697 0.718894
vt 0.539377 0.369219
vt 0.620981 0.748793
vt 0.277697 0.360959
vt 0.411241 0.278776
vt 0.621579 0.562721
vt 0.276270 0.805968
vt 0.456345 0.471781
vt 0.331248 0.498175
vt 0.353287 0.556026
vt 0.745977 0.197584
vt 0.699758 0.281697
vt 0.607656 0.461083
vt 0.529988 0.696908
vt 0.714859 0.332552
vt 0.489185 0.466574
vt 0.669122 0.125673
vt 0.625166 0.207219
vt 0.603525 0.312413
vt 0.683928 0.240808
vt 0.722386 0.380239
vt 0.489045 0.371790
vt 0.534402 0.453459
vt 0.560866 0.061711
vt 0.745798 0.550469
vt 0.424427 0.389652
vt 0.500000 0.559652
vt 0.412801 0.708402
vt 0.561979 0.490278
vt 0.726688 0.318568
vt 0.452102 0.590983
vt 0.420161 0.695642
vt 0.405593 0.433561
vt 0.437630 0.647208
vt 0.520099 0.408944
vt 0.310012 0.263226
vt 0.117494 0.343703
vt 0.517951 0.205203
vt 0.442681 0.173155
vt 0.185191 0.483078
vt 0.452610 0.302245
vt 0.657263 0.576691
vt 0.530499 0.530601
vt 0.534474 0.188167
vt 0.641106 0.564941
vt 0.435029 0.681741
vt 0.255946 0.396786
vt 0.474396 0.631911
vt 0.530235 0.369862
vt 0.476601 0.636071
vt 0.562751 0.941185
vt 0.382502 0.088693
vt 0.554645 0.246309
vt 0.467108 0.332165
vt 0.491134 0.500557
vt 0.559759 0.537791
vt 0.591095 0.483357
vt 0.363748 0.304823
vt 0.492856 0.356013
vt 0.605582 0.427558
vt 0.402159 0.462520
vt 0.342192 0.465970
vt 0.493994 0.547799
vt 0.634006 0.435600
vt 0.501527 0.430992
vt 0.594730 0.359772
vt 0.488426 0.578383
vt 0.457643 0.595230
vt 0.456736 0.397027
vt 0.480433 0.436690
vt 0.534911 0.586873
vt 0.491383 0.674125
vt 0.199359 0.247540
vt 0.517203 0.741400
vt 0.375449 0.320128
vt 0.511559 0.453114
vt 0.440684 0.376804
vt 0.423486 0.327828
vt 0.581021 0.555275
vt 0.379407 0.497812
vt 0.597255 0.481663
vt 0.674176 0.387811
vt 0.434062 0.097351
vt 0.401037 0.222022
vt 0.548313 0.483464
vt 0.466702 0.595537
vt 0.479142 0.601539
vt 0.320281 0.696350
vt 0.359657 0.900955
vt 0.383409 0.569239
vt 0.362983 0.536471
vt 0.411893 0.684813
vt 0.213781 0.292180
vt 0.476384 0.557380
vt 0.085905 0.369406
vt 0.668091 0.774200
vt 0.252121 0.313094
vt 0.733651 0.326200
vt 0.464362 0.542815
vt 0.205082 0.524073
vt 0.458366 0.811544
vt 0.360250 0.340521
vt 0.587157 0.622021
vt 0.571023 0.422711
vt 0.320701 0.248535
vt 0.214473 0.078745
vt 0.567547 0.635438
vt 0.638206 0.395344
vt 0.445672 0.522954
vt 0.293493 0.403591
vt 0.274935 0.619313
vt 0.589729 0.588099
vt 0.559003 0.342667
vt 0.421958 0.956475
vt 0.489012 0.000000
vt 0.404760 0.302804
vt 0.423800 0.915376
vt 0.240235 0.803108
vt 0.589069 0.063236
vt 0.341477 0.629722
vt 0.830023 0.198959
vt 0.509217 0.708794
vt 0.264996 0.834146
vt 0.576905 0.298617
vt 0.538086 0.663196
vt 0.402071 0.939458
vt 0.535145 0.430247
vt 0.263681 0.865654
vt 0.694114 0.168511
vt 0.469974 0.895235
vt 0.484031 0.383295
vt 0.493193 0.777568
vt 0.492052 0.321524
vt 0.209776 0.667032
vt 0.504636 0.614432
vt 0.447428 0.897431
vt 0.693599 0.405451
vt 0.588087 0.328511
vt 0.647251 0.539491
vt 0.467156 0.478974
vt 0.603018 0.667385
vt 0.629816 0.597287
vt 0.492012 0.098887
vt 0.378189 0.883479
vt 0.389726 0.324275
vt 0.496217 0.181256
vt 0.588304 0.617997
vt 0.220480 0.959097
vt 0.735269 0.559253
vt 0.183543 0.661276
vt 0.523405 0.442328
vt 0.554701 0.617800
vt 0.385063 0.413740
vt 0.350461 0.520234
vt 0.453734 0.695734
vt 0.325070 0.603264
vt 0.578941 0.423303
vt 0.519400 0.403355
vt 0.412702 0.668432
vt 0.449059 0.511232
vt 0.561868 0.333096
vt 0.430581 0.454108
vt 0.452661 0.567482
vt 0.583097 0.488679
vt 0.212515 0.593057
vt 0.844404 0.576903
vt 0.605352 0.533581
vt 0.422096 0.967900
vt 0.424908 0.537856
vt 0.653697 0.448923
vt 0.560253 0.501858
vt 0.481627 0.561370
vt 0.524213 0.506027
vt 0.522140 0.658584
vt 0.726420 0.406887
vt 0.408092 0.503777
vt 0.417085 0.381051
vt 0.716164 0.698889
vt 0.494318 0.348163
vt 0.435377 0.801867
vt 0.228105 0.884966
vt 0.312233 0.631901
vt 0.263281 0.523971
vt 0.579450 0.530842
vt 0.276620 0.447058
vt 0.515375 0.253508
vt 0.339112 0.569126
vt 0.629520 0.535370
vt 0.621797 0.766324
vt 0.417642 0.545879
vt 0.443987 0.441426
vt 0.529410 0.484651
vt 0.295427 0.747155
vt 0.595098 0.523330
vt 0.662820 0.600463
vt 0.745085 0.368481
vt 0.579455 0.446262
vt 0.413493 0.461763
vt 0.820530 0.578433
vt 0.836810 0.330868
vt 0.189851 0.440577
vt 0.496913 0.474994
vt 0.491243 0.607952
vt 0.498818 0.434884
vt 0.526433 0.533263
vt 0.299293 0.441788
vt 0.660512 0.603616
vt 0.266087 0.529548
vt 0.843413 0.303204
vt 0.453479 0.502992
vt 0.694812 0.506026
vt 0.566074 0.444385
vt 0.489563 0.379033
vt 0.593745 0.171929
vt 0.532496 0.630840
vt 0.805047 0.290450
vt 0.598241 0.540275
vt 0.694148 0.226757
vt 0.404392 0.233009
vt 0.903088 0.327577
vt 0.330069 0.553729
vt 0.444444 0.669758
vt 0.598900 0.444652
vt 0.605005 0.285784
vt 0.592084 0.502211
vt 0.730741 0.479326
vt 0.363855 0.641678
vt 0.178720 0.755662
vt 0.500000 0.384720
vt 0.491354 0.598204
vt 0.364456 0.449081
vt 0.620283 0.394820
vt 0.435338 0.419383
vt 0.541892 0.395038
vt 0.946729 0.481522
vt 0.553540 0.597151
vt 0.946005 0.517528
vt 0.151371 0.287027
vt 0.475027 0.531912
vt 0.399462 0.657948
vt 0.429977 0.566461
vt 0.599914 0.657603
vt 0.599008 0.308561
vt 0.444078 0.534595
vt 0.434715 0.346427
vt 0.354208 0.541356
vt 0.708322 0.209573
vt 0.787792 0.321870
vt 0.376200 0.522992
vt 0.618008 0.460076
vt 0.296784 0.467099
vt 0.752570 0.408062
vt 0.489314 0.445409
vt 0.489160 0.565032
vt 0.595175 0.538274
vt 0.212619 0.774167
vt 0.323197 0.885518
vt 0.570423 0.420518
vt 0.138512 0.708044
vt 0.532473 0.319330
vt 0.211523 0.710240
vt 0.139254 0.639392
vt 0.467348 0.532973
vt 0.454010 0.553408
vt 0.552767 0.418072
vt 0.417673 0.504976
vt 0.631265 0.271274
vt 0.413573 0.315370
vt 0.630791 0.394864
vt 0.385726 0.602817
vt 0.387180 0.366357
vt 0.494866 0.295940
vt 0.455922 0.581061
vt 0.501143 0.584383
vt 0.649957 0.590772
vt 0.569728 0.545791
vt 0.522059 0.509598
vt 0.596812 0.539344
vt 0.643719 0.425230
vt 0.542207 0.551373
vt 0.619328 0.542730
vt 0.414863 0.409025
vt 0.101898 0.474715
vt 0.343404 0.292614
vt 0.415207 0.803698
vt 0.577895 0.096436
vt 0.545286 0.665246
vt 0.642088 0.706622
vt 0.636480 0.131941
vt 0.516802 0.373250
vt 0.480950 0.382213
vt 0.544816 0.573920
vt 0.479052 0.467981
vt 0.638280 0.379187
vt 0.699555 0.646323
vt 0.698436 0.643028
vt 0.413981 0.640856
vt 0.370359 0.355523
vt 0.751813 0.648362
vt 0.268359 0.438362
vt 0.779844 0.623323
vt 0.801411 0.743292
vt 0.827337 0.530217
vt 0.683448 0.451359
vt 0.786844 0.506053
vt 0.148010 0.396976
vt 0.810605 0.580794
vt 0.756741 0.638108
vt 0.499439 0.530481
vt 0.554399 0.751874
vt 0.376655 0.750013
vt 0.507136 0.567190
vt 0.364055 0.535508
vt 0.268861 0.626892
vt 0.527065 0.512897
vt 0.547306 0.487427
vt 0.406901 0.502209
vt 0.534216 0.654650
vt 0.518716 0.442170
vt 0.191479 0.413875
vt 0.495050 0.409404
vt 0.696302 0.606314
vt 0.759707 0.631774
vt 0.487050 0.503004
vt 0.407899 0.506092
vt 0.333754 0.442518
vt 0.431127 0.378112
vt 0.584816 0.373828
vt 0.431427 0.402339
vt 0.580904 0.439066
vt 0.647592 0.644453
vt 0.254239 0.611769
vt 0.705472 0.497914
vt 0.697312 0.435254
vt 0.448029 0.696888
vt 0.477742 0.593841
vt 0.529647 0.443361
vt 0.364001 0.463120
vt 0.631645 0.540712
vt 0.624462 0.634618
vt 0.588843 0.478907
vt 0.523211 0.574941
vt 0.340449 0.376807
vt 0.487741 0.290056
vt 0.598989 0.432790
vt 0.470130 0.582075
vt 0.438742 0.576653
vt 0.478583 0.329185
vt 0.687510 0.668464
vt 0.206416 0.615458
vt 0.476559 0.393970
vt 0.536712 0.450012
vt 0.314492 0.854751
vt 0.342885 0.497589
vt 0.294133 0.503920
vt 0.376469 0.614557
vt 0.714882 0.222828
vt 0.647526 0.372899
vt 0.661385 0.405003
vt 0.677684 0.702137
vt 0.679469 0.224521
vt 0.492733 0.461167
vt 0.540133 0.129754
vt 0.580047 0.471550
vt 0.338916 0.299058
vt 0.671894 0.362723
vt 0.615257 0.217373
vt 0.346895 0.505908
vt 0.480355 0.432699
vt 0.495635 0.072544
vt 0.590703 0.392298
vt 0.421251 0.385602
vt 0.484574 0.629407
vt 0.508424 0.777197
vt 0.563073 0.466327
vt 0.457136 0.797886
vt 0.380151 0.610138
vt 0.446098 0.448110
vt 0.417577 0.888590
vt 0.405884 0.672029
vt 0.537585 0.404932
vt 0.544583 0.610460
vt 0.363019 0.522564
vt 0.476253 0.230127
vt 0.204712 0.368260
vt 0.412908 0.395532
vt 0.292011 0.296432
vt 0.372815 0.588065
vt 0.533951 0.512612
vt 0.390736 0.258139
vt 0.516173 0.778040
vt 0.336471 0.457000
vt 0.342003 0.211610
vt 0.509819 0.688548
vt 0.354355 0.347725
vt 0.504753 0.619972
vt 0.893008 0.850471
vt 0.166265 0.132467
vt 0.227007 0.275057
vt 0.284079 0.201560
vt 0.498471 0.437238
vt 0.574901 0.553231
vt 0.546166 0.346240
vt 0.173686 0.378149
vt 0.796879 0.776679
vt 0.610768 0.407228
vt 0.269727 0.352808
vt 0.434916 0.436773
vt 0.479943 0.461465
vt 0.619384 0.409331
vt 0.493569 0.431050
vt 0.522950 0.353643
vt 0.206492 0.349971
vt 0.277109 0.262049
vt 0.409477 0.088295
vt 0.231917 0.050533
vt 0.554277 0.586969
vt 0.499331 0.657278
vt 0.119750 0.530354
vt 0.815931 0.935863
vt 0.310976 0.390965
vt 0.446078 0.452006
vt 0.419905 0.463004
vt 0.394708 0.407082
vt 0.566065 0.472351
vt 0.349959 0.486120
vt 0.592451 0.433741
vt 0.535135 0.033348
vt 0.208486 0.134683
vt 0.251115 0.380495
vt 0.426686 0.483441
vt 0.536970 0.925523
vt 0.584671 0.658992
vt 0.403718 0.739547
vt 0.537456 0.685797
vt 0.340195 0.719963
vt 0.531000 0.474522
vt 0.468442 0.674255
vt 0.163063 0.364593
vt 0.626403 0.602168
vt 0.145275 0.500032
vt 0.810882 0.846611
vt 0.445000 0.366953
vt 0.610687 0.246383
vt 0.478434 0.555264
vt 0.485826 0.568536
vt 0.565948 0.732801
vt 0.371591 0.368681
vt 0.520012 0.764773
vt 0.033273 0.477846
vt 0.199070 0.525832
vt 0.545956 0.441830
vt 0.561759 0.488568
vt 0.519098 0.766535
vt 0.494007 0.598826
vt 0.227913 0.536425
vt 0.556939 0.651651
vt 0.569951 0.523242
vt 0.434350 0.633206
vt 0.406450 0.543501
vt 0.245377 0.633518
vt 0.742435 0.177930
vt 0.856360 0.167148
vt 0.718083 0.448763
vt 0.282829 0.781958
vt 0.557227 0.593805
vt 0.665579 0.516466
vt 0.617784 0.304331
vt 0.645063 0.279916
vt 0.403250 0.601725
vt 0.434567 0.393289
vt 0.737667 0.309576
vt 0.379630 0.754447
vt 0.678463 0.435284
vt 0.621238 0.689317
vt 0.553921 0.490588
vt 0.838076 0.289953
vt 0.853430 0.259525
vt 0.288409 0.499025
vt 0.662516 0.309903
vt 0.422941 0.291486
vt 0.442122 0.176561
vt 0.308144 0.655795
vt 0.219714 0.773942
vt 0.462061 0.626129
vt 0.421029 0.530548
vt 0.542937 0.439178
vt 0.418031 0.673585
vt 0.493644 0.569823
vt 0.529954 0.348292
vt 0.579906 0.392112
vt 0.562093 0.397383
vt 0.535473 0.425597
vt 0.689254 0.518129
vt 0.509132 0.437400
vt 0.788417 0.394362
vt 0.453701 0.559876
vt 0.650726 0.420977
vt 0.401067 0.543203
vt 0.572060 0.456078
vt 0.407023 0.352064
vt 0.847491 0.555884
vt 0.377992 0.279332
vt 0.542373 0.103731
vt 0.608510 0.757577
vt 0.583709 0.491946
vt 0.419774 0.333696
vt 0.462813 0.538162
vt 0.601367 0.235348
vt 0.629426 0.324539
vt 0.587583 0.090797
vt 0.808188 0.381062
vt 0.612484 0.450674
vt 0.717755 0.528602
vt 0.850523 0.432483
vt 0.671410 0.496792
vt 0.975018 0.462203
vt 0.509892 0.490438
vt 0.533686 0.608804
vt 0.471722 0.425759
vt 0.698042 0.515252
vt 0.437223 0.482270
vt 0.482863 0.616943
vt 0.565604 0.279604
vt 0.635186 0.605407
vt 0.676482 0.396855
vt 0.596485 0.420626
vt 0.743054 0.833954
vt 0.852600 0.871355
vt 0.491617 0.675081
vt 0.578223 0.757135
vt 0.591563 0.673291
vt 0.993308 0.423836
vt 0.424010 0.899587
vt 0.508522 0.239645
vt 0.434512 0.463554
vt 0.396556 0.576153
vt 0.605725 0.732543
vt 0.543881 0.516047
vt 0.382136 0.435787
vt 0.561564 0.402508
vt 0.451173 0.433662
vt 0.445060 0.513232
vt 0.259084 0.457342
vt 0.375971 0.373646
vt 0.619617 0.644442
vt 0.516864 0.603279
vt 0.422529 0.514331
vt 0.485254 0.386359
vt 0.543110 0.606061
vt 0.342280 0.443555
vt 0.608491 0.604899
vt 0.577611 0.285045
vt 0.253364 0.497381
vt 0.338729 0.689609
vt 0.562529 0.485190
vt 0.621661 0.361233
vt 0.569397 0.487566
vt 0.493330 0.525433
vt 0.335130 0.682055
vt 0.411554 0.292959
vt 0.550602 0.597944
vt 0.371496 0.634218
vt 0.708102 0.682611
vt 0.372422 0.725210
vt 0.893107 0.495216
vt 0.445921 0.568148
vt 0.436788 0.440200
vt 0.432534 0.880547
vt 0.460829 0.365410
vt 0.490453 0.527178
vt 0.354104 0.524365
vt 0.670181 0.144406
vt 0.414722 0.387596
vt 0.536889 0.574513
vt 0.541010 0.586935
vt 0.482215 0.521799
vt 0.477349 0.843229
vt 0.560627 0.544228
vt 0.518741 0.600735
vt 0.399022 0.570398
vt 0.640861 0.368320
vt 0.454649 0.465667
vt 0.529982 0.848280
vt 0.338430 0.471388
vt 0.204339 0.230409
vt 0.521333 0.480595
vt 0.586766 0.279549
vt 0.581542 0.647895
vt 0.277745 0.314297
vt 0.489224 0.652415
vt 0.382874 0.458073
vt 0.571317 0.586329
vt 0.340255 0.796166
vt 0.418670 0.819952
vt 0.387475 0.499294
vt 0.629643 0.831049
vt 0.341273 0.544482
vt 0.479291 0.015144
vt 0.503213 0.152727
vt 0.431441 0.632638
vt 0.569492 0.419929
vt 0.580730 0.285865
vt 0.375912 0.451013
vt 0.486289 0.495138
vt 0.509574 0.565823
vt 0.393704 0.317901
vt 0.656316 0.458748
vt 0.567367 0.607440
vt 0.442404 0.563434
vt 0.673319 0.480385
vt 0.517615 0.618633
vt 0.697816 0.628539
vt 0.439889 0.716791
vt 0.492137 0.551215
vt 0.496453 0.410639
vt 0.437062 0.678701
vt 0.423741 0.077551
vt 0.524432 0.073251
vt 0.500300 0.872836
vt 0.088622 0.402017
vt 0.157168 0.477778
vt 0.570358 0.503870
vt 0.676702 0.624855
vt 0.689671 0.545993
vt 0.450936 0.333979
vt 0.475582 0.512601
vt 0.529799 0.556457
vt 0.464155 0.608652
vt 0.446476 0.692154
vt 0.655525 0.352180
vt 0.414879 0.620341
vt 0.453900 0.424455
vt 0.550793 0.731960
vt 0.378032 0.444763
vt 0.616212 0.452923
vt 0.818088 0.744871
vt 0.478411 0.561456
vt 0.443453 0.442624
vt 0.317419 0.240133
vt 0.332321 0.475180
vt 0.372822 0.562762
vt 0.629130 0.395191
vt 0.584898 0.651800
vt 0.331376 0.341953
vt 0.716283 0.421682
vt 0.375334 0.570475
vt 0.534767 0.642645
vt 0.242707 0.471455
vt 0.448750 0.438414
vt 0.245152 0.512226
vt 0.724712 0.337079
vt 0.375761 0.399223
vt 0.316587 0.502114
vt 0.462384 0.488385
vt 0.637130 0.435118
vt 0.700620 0.331972
vt 0.511141 0.513189
vt 0.626923 0.469011
vt 0.723635 0.341128
vt 0.438881 0.461661
vt 0.407976 0.508339
vt 0.575967 0.203133
vt 0.285859 0.171460
vt 0.599402 0.480792
vt 0.555142 0.622159
vt 0.519818 0.595481
vt 0.330945 0.329237
vt 0.162994 0.505336
vt 0.542396 0.489152
vt 0.480767 0.479101
vt 0.428160 0.622410
vt 0.537154 0.562349
vt 0.583954 0.539699
vt 0.495928 0.605402
vt 0.522545 0.514452
vt 0.352656 0.347311
vt 0.458747 0.468623
vt 0.638567 0.420661
vt 0.692410 0.507191
vt 0.445733 0.408965
vt 0.473201 0.461407
vt 0.838871 0.489097
vt 0.645594 0.544525
vt 0.179391 0.446149
vt 0.166606 0.178813
vt 0.348964 0.278066
vt 0.502907 0.364714
vt 0.379332 0.686837
vt 0.505625 0.655546
vt 0.117018 0.580537
vt 0.052226 0.445326
vt 0.944628 0.433480
vt 0.503668 0.623022
vt 0.614159 0.252997
vt 0.032399 0.634120
vt 0.165594 0.716540
vt 0.609646 0.442243
vt 0.982234 0.216539
vt 0.447860 0.530044
vt 0.772769 0.504302
vt 0.356031 0.455169
vt 0.597036 0.521995
vt 0.502097 0.632876
vt 0.613252 0.537487
vt 0.547466 0.303256
vt 0.733221 0.331777
vt 0.564453 0.395733
vt 0.159984 0.607904
vt 0.188655 0.625964
vt 0.259450 0.822927
vt 0.029321 0.679041
vt 0.149058 0.677564
vt 0.494050 0.363804
vt 0.593671 0.546259
vt 0.420930 0.512281
vt 0.412794 0.429231
vt 0.551491 0.853733
vt 0.153933 0.482069
vt 0.122434 0.285646
vt 0.435713 0.512235
vt 0.261232 0.323954
vt 0.558529 0.618491
vt 0.589601 0.673307
vt 0.594150 0.435562
vt 0.462464 0.360296
vt 0.514590 0.593707
vt 0.748503 0.560800
vt 0.702983 0.639608
vt 0.676426 0.823792
vt 0.687958 0.332983
vt 0.590119 0.817431
vt 0.674329 0.377674
vt 0.191368 0.262059
vt 0.468674 0.535446
vt 0.856615 0.652065
vt 0.299616 0.317479
vt 0.241590 0.487642
vt 0.770617 0.538980
vt 0.536248 0.612220
vt 0.584429 0.460023
vt 0.533390 0.611368
vt 0.279597 0.581183
vt 0.595677 0.573229
vt 0.700605 0.668669
vt 0.673940 0.715604
vt 0.505315 0.503291
vt 0.453422 0.512552
vt 0.384893 0.525266
vt 0.656882 0.636783
vt 0.518713 0.375416
vt 0.393679 0.441708
vt 0.559679 0.445163
vt 0.476477 0.506701
vt 0.503303 0.560988
vt 0.363726 0.451405
vt 0.496418 0.437715
vt 0.386120 0.382331
vt 0.516441 0.599376
vt 0.534416 0.571409
vt 0.520858 0.415099
vt 0.545328 0.706480
vt 0.475536 0.600040
vt 0.523234 0.668928
vt 0.732319 0.552614
vt 0.484999 0.490751
vt 0.580535 0.280119
vt 0.522544 0.545757
vt 0.552776 0.367576
vt 0.564137 0.798242
vt 0.422151 0.447289
vt 0.609040 0.937434
vt 0.406451 0.698765
vt 0.155882 0.822227
vt 0.555021 0.515006
vt 0.762317 0.610267
vt 0.549910 0.514543
vt 0.345893 0.688781
vt 0.409496 0.414687
vt 0.617360 0.217656
vt 0.537906 0.276854
vt 0.481597 0.231838
vt 0.348307 0.467856
vt 0.468564 0.316887
vt 0.208727 0.713807
vt 0.534211 0.674719
vt 0.675746 0.267809
vt 0.374888 0.226610
vt 0.451502 0.688238
vt 0.240067 0.340052
vt 0.450439 0.458593
vt 0.418378 0.478894
vt 0.442790 0.191932
vt 0.344455 0.659923
vt 0.634970 0.380968
vt 0.409866 0.575612
vt 0.653306 0.466758
vt 0.766325 0.539507
vt 0.430424 0.536578
vt 0.332410 0.145945
vt 0.439421 0.479392
vt 0.293490 0.597295
vt 0.361843 0.383593
vt 0.409814 0.586025
vn -0.353585 0.526102 0.773431
vn -0.582097 0.233670 0.778821
vn -0.497031 0.241165 0.833546
vn -0.639704 0.072577 0.765188
vn -0.748401 -0.042967 0.661853
vn -0.859235 -0.285753 0.424335
vn -0.876920 -0.371271 0.305236
vn -0.846118 -0.472858 0.245946
vn -0.875730 0.112873 0.469421
vn -0.876644 -0.158489 0.454286
vn -0.817673 -0.244778 0.521052
vn -0.853666 -0.458948 0.246214
vn -0.562623 -0.119795 0.817988
vn -0.629137 -0.337004 0.700439
vn -0.253880 -0.524198 0.812873
vn -0.488119 -0.300554 0.819394
vn -0.859068 -0.058511 0.508506
vn -0.564340 -0.095445 0.820006
vn -0.782903 -0.088886 0.615762
vn -0.851973 -0.293942 0.433290
vn -0.569115 -0.274139 0.775214
vn -0.694905 -0.394710 0.601092
vn -0.951761 -0.151611 0.266769
vn -0.912368 -0.066276 0.403969
vn -0.717712 -0.394946 0.573505
vn -0.622442 0.045757 0.781327
vn -0.392868 -0.134174 0.909754
vn -0.630909 -0.052833 0.774056
vn -0.260981 0.309841 0.914269
vn -0.251866 -0.079244 0.964512
vn -0.146436 0.203868 0.967985
vn -0.709003 0.314365 0.631260
vn -0.343653 0.208224 0.915721
vn -0.700566 0.249434 0.668573
vn -0.346994 0.486815 0.801627
vn -0.406153 0.200784 0.891474
vn -0.521932 -0.175935 0.834646
vn -0.067468 0.267628 0.961157
vn -0.905615 -0.403809 -0.129613
vn -0.909572 -0.179122 0.374958
vn -0.851825 -0.441003 0.282685
vn -0.833005 -0.291279 0.470381
vn -0.973669 0.087694 0.210426
vn 0.239059 -0.530989 0.812959
vn -0.050308 -0.326171 0.943971
vn -0.269547 -0.558007 0.784839
vn -0.287097 -0.190345 0.938799
vn -0.145039 -0.190459 0.970922
vn -0.395816 -0.288838 0.871724
vn -0.384848 -0.543308 0.746129
vn -0.159399 -0.296281 0.941706
vn -0.663107 -0.020872 0.748234
vn -0.624294 -0.389197 0.677335
vn -0.118880 0.849901 0.513358
vn -0.728055 0.639921 0.245839
vn -0.420724 0.444619 0.790762
vn -0.503865 0.825661 -0.253780
vn -0.753102 0.656708 -0.039648
vn -0.473144 0.879736 -0.046896
vn -0.854600 0.456735 -0.247086
vn -0.930562 0.362976 -0.047978
vn -0.970971 0.142367 -0.192216
vn -0.888604 0.458666 -0.002983
vn -0.954856 0.222050 -0.197344
vn -0.898622 0.420327 -0.125715
vn -0.972054 0.222900 -0.073666
vn -0.956277 0.234105 -0.175297
vn 0.125184 0.679402 0.723009
vn -0.568330 0.204653 0.796943
vn -0.053261 0.611534 -0.789423
vn -0.554195 0.570786 -0.605863
vn 0.030711 0.768777 -0.638779
vn -0.691355 0.297552 -0.658400
vn -0.907350 0.323425 -0.268538
vn -0.312264 0.944319 0.103691
vn 0.115673 0.842304 -0.526444
vn -0.998090 -0.015016 -0.059922
vn -0.954084 -0.030185 -0.298014
vn -0.964994 -0.188292 -0.182571
vn -0.898943 0.078203 -0.431029
vn 0.571580 0.185787 0.799237
vn 0.696763 0.570714 0.434519
vn 0.833577 0.435356 0.340021
vn 0.322082 0.557763 0.764960
vn 0.471261 0.695141 0.542856
vn 0.600397 0.546062 0.584243
vn 0.527156 0.744972 0.408808
vn 0.291112 0.851899 0.435342
vn 0.132690 0.822949 0.552402
vn 0.876979 0.444348 0.182927
vn 0.723789 0.625825 0.290641
vn 0.778334 0.464485 0.422434
vn 0.696411 0.696268 0.173849
vn 0.689968 0.686341 0.229958
vn 0.848707 0.518654 0.103418
vn 0.968486 0.238729 -0.071014
vn 0.308689 0.950537 -0.034494
vn 0.074835 0.922230 0.379331
vn 0.725219 0.671298 -0.153027
vn 0.541482 0.675261 0.500820
vn 0.638870 0.769156 -0.015594
vn 0.713307 0.680730 0.166729
vn 0.892974 0.428402 0.138094
vn 0.794882 0.507385 -0.332750
vn 0.412074 0.645003 -0.643557
vn 0.976143 -0.149510 -0.157456
vn 0.941850 0.184948 -0.280557
vn 0.985067 0.055409 -0.163013
vn 0.926285 0.336148 -0.170296
vn 0.935912 0.253656 -0.244393
vn 0.468731 0.600367 -0.647958
vn 0.446410 0.613429 -0.651478
vn 0.239509 0.466172 -0.851656
vn 0.414051 0.792692 -0.447439
vn 0.297308 0.664625 -0.685479
vn 0.480979 0.807854 -0.340633
vn 0.881436 0.323950 -0.343697
vn 0.456540 0.473250 -0.753396
vn 0.311133 0.901670 -0.300312
vn 0.470917 0.505764 -0.722800
vn -0.008272 0.654813 0.755746
vn 0.102217 0.722798 0.683458
vn 0.250846 0.685342 0.683654
vn 0.799055 0.212529 0.562443
vn 0.621959 0.571946 0.534831
vn 0.597562 0.308502 0.740099
vn 0.470248 0.739095 0.482292
vn 0.758257 0.381279 0.528841
vn 0.956745 0.285331 0.056789
vn 0.980160 0.176353 -0.090477
vn 0.850197 0.507308 -0.140721
vn 0.875908 0.427996 -0.222720
vn 0.989042 0.116234 -0.091021
vn 0.956917 0.286513 -0.047112
vn 0.863796 0.388446 -0.320883
vn 0.737867 0.068177 -0.671494
vn 0.523872 0.112412 -0.844347
vn 0.186861 -0.106112 -0.976639
vn 0.136594 0.817687 -0.559222
vn 0.162201 0.905083 -0.393084
vn 0.158534 0.722910 -0.672509
vn 0.450850 0.689470 -0.566890
vn 0.120158 0.921551 -0.369195
vn -0.671019 -0.701207 0.240921
vn -0.744357 -0.594031 0.305056
vn -0.136803 -0.923828 0.357529
vn -0.619704 -0.701112 0.352717
vn -0.789805 -0.586380 0.179906
vn -0.577006 -0.798754 0.170457
vn -0.035912 -0.995843 0.083703
vn -0.846883 -0.277744 -0.453484
vn -0.949111 -0.300300 -0.094911
vn -0.873694 -0.041618 -0.484692
vn -0.810740 -0.428102 0.399287
vn -0.944739 -0.136058 0.298257
vn -0.733574 -0.668061 0.124755
vn -0.735299 -0.603761 0.307910
vn -0.587609 -0.787567 -0.185618
vn -0.855189 -0.481004 0.193099
vn 0.151709 -0.747939 0.646197
vn 0.347885 -0.838409 0.419579
vn 0.379427 -0.665185 0.643090
vn 0.470731 -0.846798 -0.247679
vn 0.557501 -0.799989 -0.221835
vn -0.889335 -0.319169 -0.327437
vn -0.910715 -0.139379 -0.388809
vn -0.980140 0.067597 -0.186429
vn -0.813709 -0.274632 -0.512304
vn -0.802542 -0.098351 -0.588433
vn 0.640422 -0.672105 -0.371663
vn 0.143830 -0.836827 -0.528236
vn -0.377221 -0.225463 -0.898260
vn 0.020502 0.091782 0.995568
vn 0.100606 0.378976 0.919921
vn 0.258471 0.083410 0.962411
vn 0.372354 -0.202670 0.905692
vn -0.088113 0.357724 0.929661
vn 0.570322 -0.202239 0.796136
vn 0.672872 -0.191782 0.714467
vn 0.722589 0.104560 0.683324
vn 0.658806 0.109181 0.744348
vn 0.698263 -0.241330 0.673935
vn 0.107569 -0.295726 0.949197
vn 0.691702 -0.056099 0.720001
vn 0.212831 -0.360907 0.907992
vn 0.827442 -0.211667 0.520131
vn 0.610221 -0.120013 0.783088
vn 0.616357 -0.321802 0.718712
vn 0.344827 0.527882 0.776167
vn 0.583000 0.057104 0.810463
vn 0.709064 -0.309013 0.633829
vn 0.394340 -0.089500 0.914596
vn 0.704837 -0.261173 0.659540
vn 0.561186 -0.230444 0.794963
vn 0.352327 0.430457 0.831007
vn 0.310342 0.368037 0.876491
vn 0.587272 0.739643 0.328694
vn -0.186969 0.420533 0.887803
vn -0.247469 0.318249 0.915137
vn 0.094626 0.174565 0.980088
vn 0.106772 0.096894 0.989551
vn 0.186272 0.261991 0.946923
vn -0.237248 -0.094028 0.966888
vn 0.742757 0.512885 0.430419
vn 0.053201 -0.637554 0.768567
vn 0.592491 -0.408081 0.694568
vn 0.969439 -0.042312 0.241656
vn 0.471486 0.725912 0.500752
vn 0.881316 -0.222925 0.416636
vn 0.784232 -0.303813 0.540997
vn 0.713029 -0.297336 0.634965
vn 0.458275 -0.409877 0.788660
vn 0.894473 -0.405387 0.188625
vn 0.785874 -0.560580 -0.261057
vn 0.949825 -0.289161 0.119244
vn 0.908931 -0.411441 -0.067527
vn 0.865008 -0.488646 0.113958
vn 0.970924 -0.237526 0.029786
vn 0.884043 -0.244379 -0.398431
vn 0.772464 -0.594098 -0.224379
vn 0.858178 -0.510638 -0.052709
vn 0.990577 -0.090479 -0.102813
vn 0.823672 -0.532740 0.194300
vn 0.966911 -0.072613 -0.244561
vn 0.551945 -0.663756 -0.504763
vn 0.359893 -0.861444 -0.358317
vn 0.740141 -0.616766 -0.267937
vn 0.568331 -0.822186 -0.031781
vn 0.580809 -0.766911 0.272961
vn 0.672091 -0.660306 -0.335096
vn 0.978816 -0.184425 -0.088924
vn 0.983760 -0.179473 -0.002175
vn 0.647879 -0.745926 -0.154428
vn 0.912633 -0.363395 -0.187206
vn 0.600963 -0.720872 -0.345233
vn 0.933034 -0.340658 -0.115755
vn 0.993066 0.018351 0.116121
vn 0.915826 -0.302863 -0.263697
vn 0.717430 -0.653062 -0.242496
vn 0.866171 -0.348696 -0.357994
vn 0.463281 -0.885306 -0.040065
vn 0.794580 -0.548777 -0.259782
vn 0.610000 -0.791711 -0.033070
vn 0.647439 -0.646522 -0.403525
vn 0.611465 -0.451651 -0.649709
vn 0.879338 -0.252142 -0.403966
vn 0.917505 -0.214816 -0.334721
vn 0.872414 -0.325055 -0.365010
vn 0.709065 -0.396162 -0.583336
vn 0.406799 0.043457 -0.912483
vn 0.652379 -0.241958 -0.718232
vn 0.609216 -0.270499 -0.745444
vn 0.649464 -0.474418 -0.594242
vn 0.526190 -0.643665 -0.555715
vn 0.361845 -0.412906 -0.835809
vn -0.076985 -0.273663 -0.958740
vn 0.554836 -0.806044 -0.206032
vn 0.262709 -0.570605 -0.778070
vn 0.817268 -0.044480 0.574539
vn 0.369763 -0.741499 0.559870
vn 0.851711 -0.496835 0.166562
vn 0.777040 -0.377283 0.503851
vn 0.112455 -0.079910 -0.990438
vn -0.173988 -0.465380 -0.867842
vn -0.317487 -0.482029 -0.816609
vn 0.006418 -0.517334 -0.855759
vn 0.289032 -0.423080 -0.858757
vn 0.696811 -0.530039 -0.483233
vn 0.995848 0.047430 -0.077695
vn -0.810057 0.029559 -0.585605
vn -0.716932 0.024845 -0.696700
vn -0.915321 -0.233436 -0.328169
vn -0.634840 -0.094161 -0.766885
vn -0.760950 0.106655 -0.639984
vn -0.490755 0.058647 -0.869322
vn -0.688501 -0.118960 -0.715412
vn -0.389701 0.157228 -0.907421
vn -0.604724 0.049469 -0.794898
vn -0.532176 -0.244273 -0.810629
vn -0.652137 -0.089363 -0.752816
vn -0.502041 0.007247 -0.864813
vn -0.453111 0.330202 -0.828044
vn -0.563915 0.091855 -0.820708
vn -0.208147 0.204775 -0.956421
vn -0.620826 0.163397 -0.766731
vn -0.790390 -0.089169 -0.606080
vn -0.437225 0.002518 -0.899348
vn -0.394322 0.088136 -0.914736
vn -0.283412 0.336897 -0.897874
vn -0.089673 0.454474 -0.886235
vn -0.226342 0.263276 -0.937793
vn -0.512923 -0.306361 -0.801906
vn -0.321462 -0.459718 -0.827842
vn -0.173016 -0.234547 -0.956584
vn -0.452307 -0.112927 -0.884684
vn -0.598792 -0.162131 -0.784322
vn -0.120268 0.218995 -0.968285
vn 0.300803 0.197835 -0.932941
vn 0.360519 -0.042735 -0.931772
vn -0.088459 -0.285253 -0.954361
vn -0.168923 -0.595794 -0.785171
vn -0.170443 -0.139978 -0.975375
vn 0.271122 0.020730 -0.962322
vn -0.026734 -0.555674 -0.830970
vn 0.217490 0.059452 -0.974250
vn 0.113714 0.048875 -0.992311
vn -0.187312 -0.206167 -0.960421
vn -0.013754 -0.484990 -0.874411
vn 0.058833 0.061826 -0.996351
vn -0.918986 -0.329732 -0.216199
vn 0.352903 0.602035 -0.716249
vn 0.193038 0.655669 -0.729955
vn 0.125943 0.903845 -0.408905
vn -0.120365 0.714792 -0.688902
vn 0.000366 0.377455 -0.926028
vn 0.477850 -0.298561 -0.826149
vn 0.098988 -0.480203 -0.871554
vn -0.538428 -0.237638 -0.808470
vn -0.935967 -0.273657 -0.221533
vn -0.554667 -0.024061 0.831725
vn -0.905191 -0.145914 0.399173
vn -0.880904 -0.256240 0.397932
vn -0.868831 0.319937 0.377852
vn -0.961973 -0.203790 0.181873
vn -0.973587 -0.143525 0.177564
vn -0.726743 0.673082 0.137130
vn -0.815670 0.572856 0.080736
vn 0.614502 0.484846 -0.622344
vn 0.631881 0.461967 -0.622344
vn 0.395811 0.540612 0.742342
vn 0.782137 0.503393 0.367229
vn 0.324425 -0.014928 -0.945794
vn -0.924485 -0.356175 0.135895
vn -0.868889 -0.380237 0.316941
vn -0.977607 -0.022279 -0.209255
vn -0.973372 -0.137125 0.183693
vn -0.966901 -0.186261 0.174380
vn -0.098298 -0.957899 -0.269755
vn -0.175770 -0.722944 -0.668174
vn -0.565328 -0.586214 -0.580308
vn 0.374558 -0.785970 -0.491891
vn 0.429463 -0.333778 0.839139
vn 0.784759 -0.594883 -0.173978
vn 0.996526 -0.081872 0.015290
vn 0.709636 -0.431241 -0.557179
vn -0.113907 0.392228 -0.912788
vn 0.052778 0.835072 0.547603
vn -0.247335 0.671365 0.698638
vn -0.150080 0.663570 0.732906
vn -0.348481 0.551912 0.757598
vn -0.513782 0.459988 0.724181
vn -0.755857 0.220912 0.616343
vn -0.831045 0.116128 0.543947
vn -0.851226 -0.002159 0.524794
vn -0.633801 0.586521 0.504271
vn -0.723186 0.345632 0.597947
vn -0.677714 0.269933 0.683989
vn -0.853350 0.011917 0.521202
vn -0.325950 0.371073 0.869518
vn -0.486639 0.170672 0.856770
vn -0.174001 -0.101640 0.979486
vn -0.311747 0.185334 0.931915
vn -0.661159 0.443117 0.605406
vn -0.320343 0.394056 0.861452
vn -0.571713 0.420931 0.704245
vn -0.749029 0.213373 0.627238
vn -0.391254 0.227653 0.891681
vn -0.590494 0.117311 0.798470
vn -0.840519 0.323105 0.434891
vn -0.743495 0.423506 0.517550
vn -0.619076 0.118103 0.776399
vn -0.338778 0.525148 0.780672
vn -0.153780 0.319883 0.934894
vn -0.380358 0.441294 0.812765
vn 0.108280 0.655813 0.747118
vn 0.007217 0.331642 0.943378
vn 0.191851 0.538066 0.820779
vn -0.372639 0.745903 0.552059
vn 0.002837 0.600503 0.799617
vn -0.376623 0.697702 0.609399
vn 0.054493 0.807276 0.587654
vn -0.059297 0.607611 0.792018
vn -0.301626 0.310717 0.901375
vn 0.286411 0.555938 0.780322
vn -0.985511 -0.036614 0.165610
vn -0.781708 0.318354 0.536268
vn -0.835699 0.037473 0.547907
vn -0.719999 0.220898 0.657879
vn -0.801507 0.522433 0.290948
vn 0.269294 -0.283217 0.920472
vn 0.105667 0.042426 0.993496
vn -0.208832 -0.123045 0.970180
vn -0.064881 0.240273 0.968535
vn 0.075662 0.193940 0.978091
vn -0.213063 0.174999 0.961239
vn -0.314187 -0.089158 0.945165
vn 0.019935 0.099321 0.994856
vn -0.406120 0.474763 0.780812
vn -0.505690 0.117829 0.854631
vn 0.296603 0.943094 0.150337
vn -0.395005 0.915595 0.075209
vn -0.028109 0.798054 0.601930
vn -0.270909 0.832365 -0.483505
vn -0.491637 0.849545 -0.191223
vn -0.168814 0.932760 -0.318529
vn -0.702667 0.652143 -0.284549
vn -0.748562 0.660540 -0.057801
vn -0.891676 0.442136 -0.097105
vn -0.665574 0.743947 -0.059616
vn -0.854062 0.502616 -0.133997
vn -0.720398 0.676182 -0.154286
vn -0.834986 0.549904 -0.020095
vn -0.845547 0.520821 -0.117456
vn 0.524482 0.765667 0.372388
vn -0.237397 0.647048 0.724549
vn -0.070577 0.306622 -0.949211
vn -0.491602 0.522731 -0.696477
vn 0.093460 0.454673 -0.885741
vn -0.716969 0.322454 -0.618044
vn -0.798659 0.549877 -0.244497
vn 0.039024 0.972556 -0.229373
vn 0.224875 0.519722 -0.824208
vn -0.929581 0.357625 0.089353
vn -0.959223 0.252610 -0.126801
vn -0.986919 0.155567 0.042312
vn -0.911442 0.283733 -0.297941
vn 0.795481 0.185010 0.577045
vn 0.931058 0.357332 0.073789
vn 0.987145 0.158284 0.022176
vn 0.675003 0.595702 0.435328
vn 0.794029 0.587414 0.156407
vn 0.875872 0.421148 0.235547
vn 0.823809 0.566815 0.007735
vn 0.650809 0.758904 0.022634
vn 0.528770 0.833005 0.162803
vn 0.986600 0.100014 -0.128911
vn 0.933127 0.350339 -0.080848
vn 0.968503 0.230172 0.094989
vn 0.898076 0.386387 -0.210155
vn 0.904665 0.396909 -0.155065
vn 0.962474 0.150312 -0.225944
vn 0.936481 -0.193683 -0.292386
vn 0.568336 0.691709 -0.445570
vn 0.459395 0.887858 -0.025774
vn 0.827605 0.251877 -0.501625
vn 0.839492 0.530342 0.118287
vn 0.817321 0.413294 -0.401464
vn 0.906235 0.364938 -0.213445
vn 0.984180 0.066201 -0.164341
vn 0.791027 0.024111 -0.611306
vn 0.400866 0.199038 -0.894254
vn 0.800548 -0.546489 -0.245913
vn 0.834576 -0.289229 -0.468859
vn 0.868457 -0.380124 -0.318257
vn 0.901210 -0.122863 -0.415603
vn 0.863808 -0.222115 -0.452217
vn 0.436525 0.136307 -0.889307
vn 0.420239 0.154929 -0.894090
vn 0.130096 0.044886 -0.990485
vn 0.502075 0.383508 -0.775140
vn 0.284735 0.247157 -0.926196
vn 0.596657 0.405568 -0.692470
vn 0.810627 -0.170134 -0.560301
vn 0.357950 -0.002796 -0.933737
vn 0.482962 0.565314 -0.668706
vn 0.389322 0.028454 -0.920662
vn 0.403386 0.805641 0.433845
vn 0.504651 0.799819 0.324987
vn 0.629520 0.708215 0.319588
vn 0.946621 0.046311 0.319005
vn 0.890780 0.418936 0.176078
vn 0.840230 0.262998 0.474178
vn 0.790631 0.606287 0.085543
vn 0.953363 0.199780 0.226243
vn 0.975217 -0.108541 -0.192799
vn 0.922742 -0.259034 -0.285393
vn 0.893736 0.064089 -0.443992
vn 0.870300 -0.041789 -0.490747
vn 0.911752 -0.315147 -0.263423
vn 0.947306 -0.139255 -0.288480
vn 0.820345 -0.100622 -0.562947
vn 0.508041 -0.434291 -0.743832
vn 0.281379 -0.371729 -0.884671
vn -0.130266 -0.470129 -0.872931
vn 0.228946 0.479798 -0.846981
vn 0.321720 0.599143 -0.733161
vn 0.185787 0.355255 -0.916121
vn 0.472267 0.243790 -0.847071
vn 0.299191 0.637393 -0.710081
vn -0.764469 -0.271136 0.584869
vn -0.780797 -0.129396 0.611239
vn -0.316228 -0.635211 0.704633
vn -0.687064 -0.253095 0.681092
vn -0.852469 -0.142709 0.502923
vn -0.728260 -0.411410 0.548069
vn -0.319933 -0.822905 0.469543
vn -0.981237 -0.050345 -0.186117
vn -0.983475 0.081172 0.161825
vn -0.940028 0.153722 -0.304494
vn -0.762805 0.072163 0.642589
vn -0.820776 0.344799 0.455457
vn -0.841827 -0.252258 0.477173
vn -0.772892 -0.140036 0.618893
vn -0.830878 -0.511364 0.219426
vn -0.875212 -0.022017 0.483238
vn 0.079561 -0.505655 0.859059
vn 0.170021 -0.731530 0.660270
vn 0.313794 -0.522138 0.793036
vn 0.097069 -0.994583 0.037177
vn 0.197903 -0.979626 0.034159
vn -0.998258 -0.031300 -0.050012
vn -0.978492 0.112624 -0.172828
vn -0.922183 0.382129 -0.059636
vn -0.966032 -0.079955 -0.245742
vn -0.921934 0.045565 -0.384657
vn 0.270964 -0.948443 -0.164424
vn -0.273358 -0.945717 -0.175772
vn -0.658895 -0.327773 -0.677068
vn 0.317153 0.381544 0.868239
vn 0.462455 0.576433 0.673691
vn 0.524020 0.272578 0.806910
vn 0.522787 -0.039172 0.851563
vn 0.288969 0.636568 0.715037
vn 0.672112 -0.151348 0.724817
vn 0.747308 -0.206182 0.631681
vn 0.875925 0.022306 0.481932
vn 0.837185 0.068831 0.542572
vn 0.742685 -0.273689 0.611158
vn 0.263864 -0.000808 0.964560
vn 0.807217 -0.093924 0.582735
vn 0.331992 -0.112332 0.936570
vn 0.828171 -0.343197 0.443113
vn 0.731239 -0.099229 0.674866
vn 0.655339 -0.296563 0.694680
vn 0.690428 0.564714 0.452115
vn 0.770290 0.077593 0.632955
vn 0.722142 -0.346401 0.598764
vn 0.580741 0.053438 0.812333
vn 0.738335 -0.299576 0.604248
vn 0.653041 -0.175395 0.736732
vn 0.680920 0.495732 0.539071
vn 0.636987 0.468271 0.612347
vn 0.855147 0.513468 -0.071234
vn 0.203579 0.712331 0.671669
vn 0.123623 0.658368 0.742475
vn 0.406694 0.421745 0.810389
vn 0.399255 0.349793 0.847491
vn 0.507094 0.450952 0.734505
vn 0.019083 0.314710 0.948996
vn 0.953261 0.289330 0.087071
vn 0.056505 -0.330397 0.942149
vn 0.601815 -0.368749 0.708409
vn 0.935085 -0.339587 0.101473
vn 0.791739 0.601677 0.105521
vn 0.846065 -0.407143 0.344107
vn 0.767192 -0.399853 0.501532
vn 0.730333 -0.334829 0.595401
vn 0.505641 -0.285655 0.814081
vn 0.739471 -0.641567 0.203898
vn 0.467370 -0.874641 -0.128722
vn 0.806915 -0.583788 0.089885
vn 0.678843 -0.733679 -0.029787
vn 0.665709 -0.725967 0.172636
vn 0.817070 -0.576358 -0.014411
vn 0.618159 -0.681213 -0.392210
vn 0.456119 -0.886171 -0.081586
vn 0.606498 -0.794414 0.032644
vn 0.846396 -0.494969 -0.196520
vn 0.637220 -0.721318 0.271388
vn 0.790738 -0.516579 -0.328452
vn 0.158178 -0.948693 -0.273791
vn -0.040684 -0.998404 -0.039164
vn 0.407967 -0.907043 -0.104098
vn 0.251481 -0.943871 0.214162
vn 0.363357 -0.805699 0.467783
vn 0.312494 -0.939630 -0.139439
vn 0.808136 -0.571305 -0.143271
vn 0.838429 -0.540637 -0.068914
vn 0.312340 -0.948088 0.059782
vn 0.665760 -0.729604 -0.156342
vn 0.228579 -0.966223 -0.119014
vn 0.710324 -0.696333 -0.102763
vn 0.941592 -0.334496 -0.038956
vn 0.666047 -0.703911 -0.246760
vn 0.381658 -0.922124 -0.063444
vn 0.582177 -0.751869 -0.309456
vn 0.137466 -0.960032 0.243807
vn 0.479226 -0.867627 -0.132537
vn 0.299531 -0.933984 0.194821
vn 0.278336 -0.938386 -0.204845
vn 0.237774 -0.832646 -0.500165
vn 0.610205 -0.687460 -0.393761
vn 0.677188 -0.648950 -0.346814
vn 0.594094 -0.735231 -0.326325
vn 0.363546 -0.801927 -0.474075
vn 0.136461 -0.399547 -0.906499
vn 0.322857 -0.686364 -0.651666
vn 0.269804 -0.703439 -0.657556
vn 0.281423 -0.850264 -0.444805
vn 0.125946 -0.936213 -0.328090
vn -0.030641 -0.757764 -0.651809
vn -0.418585 -0.503444 -0.755864
vn 0.194979 -0.979500 0.050626
vn -0.152079 -0.838559 -0.523155
vn 0.886325 -0.178706 0.427191
vn 0.258620 -0.611387 0.747878
vn 0.665721 -0.710113 0.229249
vn 0.726726 -0.472498 0.498614
vn -0.191592 -0.420406 -0.886877
vn -0.542188 -0.602555 -0.585628
vn -0.662391 -0.546743 -0.512163
vn -0.392659 -0.715681 -0.577599
vn -0.103351 -0.747237 -0.656473
vn 0.339945 -0.880647 -0.329998
vn 0.900293 -0.371240 -0.227275
vn -0.888350 0.158427 -0.430971
vn -0.835124 0.084846 -0.543479
vn -0.995524 0.052608 -0.078509
vn -0.816778 -0.071102 -0.572554
vn -0.833625 0.190019 -0.518616
vn -0.665547 -0.027354 -0.745855
vn -0.859082 -0.057612 -0.508586
vn -0.553199 0.006526 -0.833023
vn -0.751884 0.033005 -0.658469
vn -0.781702 -0.255487 -0.568919
vn -0.827431 -0.058562 -0.558505
vn -0.690470 -0.067895 -0.720168
vn -0.534880 0.201682 -0.820505
vn -0.706585 0.043024 -0.706319
vn -0.387507 -0.038300 -0.921071
vn -0.723121 0.145130 -0.675302
vn -0.912670 0.042035 -0.406531
vn -0.642160 -0.105413 -0.759288
vn -0.582132 -0.055423 -0.811203
vn -0.397683 0.124739 -0.909004
vn -0.181796 0.151208 -0.971641
vn -0.379128 0.021529 -0.925094
vn -0.780817 -0.314015 -0.540111
vn -0.660557 -0.531564 -0.530193
vn -0.491405 -0.436954 -0.753388
vn -0.686870 -0.195526 -0.699985
vn -0.810004 -0.150536 -0.566773
vn -0.304212 -0.065114 -0.950377
vn 0.079538 -0.236553 -0.968358
vn 0.061073 -0.466968 -0.882163
vn -0.427715 -0.512323 -0.744705
vn -0.550736 -0.697491 -0.458472
vn -0.465337 -0.359989 -0.808622
vn -0.010449 -0.388423 -0.921422
vn -0.424306 -0.730843 -0.534633
vn -0.046587 -0.335605 -0.940850
vn -0.151105 -0.311868 -0.938033
vn -0.495781 -0.404002 -0.768755
vn -0.402419 -0.686379 -0.605758
vn -0.191769 -0.277772 -0.941311
vn -0.998193 0.005351 0.059850
vn 0.314642 0.162606 -0.935179
vn 0.182825 0.264814 -0.946809
vn 0.284929 0.606652 -0.742151
vn -0.072278 0.452978 -0.888587
vn -0.133191 0.038358 -0.990348
vn 0.116291 -0.701604 -0.703014
vn -0.297145 -0.727172 -0.618810
vn -0.784679 -0.248330 -0.567989
vn -0.997625 0.058736 0.035982
vn -0.284365 0.454931 0.843904
vn -0.760630 0.351257 0.545949
vn -0.772632 0.246773 0.584929
vn -0.586393 0.734943 0.340590
vn -0.889708 0.255717 0.378191
vn -0.882599 0.311110 0.352461
vn -0.411834 0.910580 -0.035182
vn -0.541975 0.839431 -0.040233
vn 0.539438 -0.013617 -0.841915
vn 0.546798 -0.039233 -0.836345
vn 0.731607 0.544684 0.409964
vn 0.968825 0.246166 0.027949
vn 0.032125 -0.429242 -0.902618
vn -0.915408 0.095959 0.390923
vn -0.822715 0.109546 0.557799
vn -0.953820 0.296554 -0.047786
vn -0.879464 0.318488 0.353708
vn -0.890754 0.270095 0.365521
vn -0.459778 -0.877167 0.138497
vn -0.567122 -0.766768 -0.300731
vn -0.855343 -0.468316 -0.221516
vn -0.039829 -0.980724 -0.191296
vn 0.512680 -0.193581 0.836472
vn 0.480261 -0.876444 -0.034580
vn 0.884429 -0.457005 -0.094511
vn 0.360876 -0.824214 -0.436395
vn -0.230343 0.099625 -0.967996
vn 0.458057 0.465645 -0.757204
vn 0.642454 0.141600 -0.753128
vn 0.562010 0.163326 -0.810845
vn 0.675609 -0.025842 -0.736807
vn 0.760759 -0.154585 -0.630356
vn 0.825155 -0.410100 -0.388507
vn 0.825606 -0.495796 -0.269372
vn 0.777665 -0.591935 -0.211779
vn 0.901899 -0.018852 -0.431536
vn 0.862056 -0.286053 -0.418370
vn 0.794050 -0.364527 -0.486419
vn 0.787072 -0.579881 -0.210369
vn 0.573535 -0.203633 -0.793468
vn 0.602178 -0.427317 -0.674375
vn 0.208744 -0.559200 -0.802323
vn 0.473054 -0.372792 -0.798277
vn 0.861817 -0.184776 -0.472365
vn 0.577719 -0.181683 -0.795759
vn 0.786454 -0.204856 -0.582687
vn 0.817410 -0.417097 -0.397331
vn 0.554269 -0.358547 -0.751153
vn 0.654260 -0.494872 -0.571879
vn 0.929738 -0.289585 -0.227437
vn 0.908568 -0.200303 -0.366583
vn 0.674288 -0.498795 -0.544555
vn 0.654013 -0.048559 -0.754923
vn 0.407823 -0.193543 -0.892313
vn 0.649098 -0.145620 -0.746636
vn 0.341428 0.264082 -0.902047
vn 0.276886 -0.117522 -0.953689
vn 0.214220 0.178219 -0.960389
vn 0.772349 0.206168 -0.600809
vn 0.407649 0.152640 -0.900291
vn 0.756708 0.142251 -0.638089
vn 0.447380 0.427398 -0.785610
vn 0.468620 0.132622 -0.873388
vn 0.526360 -0.257467 -0.810343
vn 0.146528 0.248243 -0.957552
vn 0.831196 -0.530515 0.166337
vn 0.888614 -0.311050 -0.337066
vn 0.789301 -0.561785 -0.247792
vn 0.799650 -0.411816 -0.436998
vn 0.983872 -0.056181 -0.169820
vn -0.286658 -0.497270 -0.818871
vn 0.037520 -0.336533 -0.940924
vn 0.213961 -0.597078 -0.773123
vn 0.295903 -0.234498 -0.925987
vn 0.157188 -0.214840 -0.963917
vn 0.384270 -0.346634 -0.855676
vn 0.330105 -0.596244 -0.731795
vn 0.152568 -0.318985 -0.935399
vn 0.683687 -0.120217 -0.719805
vn 0.588553 -0.478443 -0.651688
vn 0.263049 0.821599 -0.505747
vn 0.823137 0.525936 -0.214094
vn 0.514066 0.373499 -0.772162
vn 0.608148 0.744212 0.276234
vn 0.838583 0.540034 0.071699
vn 0.594267 0.801338 0.068582
vn 0.901051 0.328404 0.283299
vn 0.970852 0.223340 0.086981
vn 0.972559 0.000388 0.232658
vn 0.945107 0.324195 0.040862
vn 0.968007 0.081389 0.237357
vn 0.944285 0.285409 0.163910
vn 0.990255 0.079056 0.114654
vn 0.972112 0.092267 0.215605
vn 0.005005 0.686560 -0.727056
vn 0.624355 0.116357 -0.772426
vn 0.110451 0.598946 0.793136
vn 0.605402 0.486651 0.629809
vn 0.055026 0.767227 0.639011
vn 0.699394 0.196836 0.687097
vn 0.933081 0.188324 0.306421
vn 0.450477 0.888354 -0.088866
vn -0.014250 0.851810 0.523658
vn 0.981856 -0.160472 0.101030
vn 0.926252 -0.167732 0.337525
vn 0.918855 -0.326310 0.221871
vn 0.882010 -0.052173 0.468334
vn -0.503528 0.262305 -0.823199
vn -0.587827 0.664219 -0.461815
vn -0.745636 0.551356 -0.374210
vn -0.204788 0.595037 -0.777169
vn -0.342043 0.754333 -0.560347
vn -0.489950 0.624820 -0.607905
vn -0.395974 0.811964 -0.428858
vn -0.146056 0.883432 -0.445214
vn 0.011159 0.831383 -0.555588
vn -0.794441 0.566688 -0.218466
vn -0.612121 0.723409 -0.319355
vn -0.683490 0.571200 -0.454502
vn -0.579090 0.789898 -0.201779
vn -0.572201 0.778615 -0.257576
vn -0.758562 0.636600 -0.139010
vn -0.925319 0.377924 0.030951
vn -0.168062 0.985497 0.023455
vn 0.076253 0.921781 -0.380139
vn -0.625297 0.770607 0.123160
vn -0.415404 0.744597 -0.522509
vn -0.519936 0.854126 -0.011620
vn -0.598927 0.776750 -0.194799
vn -0.814366 0.553424 -0.174727
vn -0.725774 0.619127 0.299889
vn -0.342315 0.699505 0.627307
vn -0.993343 -0.006934 0.114984
vn -0.916227 0.320159 0.240888
vn -0.972611 0.198254 0.121338
vn -0.873503 0.468356 0.132800
vn -0.898216 0.388213 0.206150
vn -0.402902 0.664658 0.629205
vn -0.377121 0.675501 0.633623
vn -0.203004 0.499168 0.842390
vn -0.312408 0.846439 0.431210
vn -0.230596 0.700410 0.675464
vn -0.372589 0.870587 0.321334
vn -0.838381 0.450314 0.307139
vn -0.414658 0.538267 0.733708
vn -0.188864 0.938476 0.289125
vn -0.421445 0.572481 0.703313
vn 0.135673 0.642919 -0.753823
vn 0.032644 0.725863 -0.687064
vn -0.120500 0.711298 -0.692484
vn -0.735591 0.323347 -0.595276
vn -0.509271 0.654340 -0.559001
vn -0.512504 0.385630 -0.767222
vn -0.336900 0.797767 -0.500066
vn -0.672499 0.485534 -0.558571
vn -0.901900 0.421089 -0.096227
vn -0.947017 0.317354 0.049440
vn -0.772191 0.626484 0.106009
vn -0.812319 0.552359 0.187183
vn -0.964441 0.259526 0.049994
vn -0.905988 0.423232 0.007765
vn -0.810717 0.511255 0.285230
vn -0.746882 0.178960 0.640421
vn -0.536365 0.190917 0.822109
vn -0.240991 -0.073422 0.967746
vn -0.039267 0.831349 0.554361
vn -0.045101 0.920651 0.387772
vn -0.078814 0.742316 0.665398
vn -0.368662 0.751063 0.547716
vn -0.000191 0.930747 0.365665
vn 0.571469 -0.792329 -0.213630
vn 0.662329 -0.697421 -0.273721
vn 0.016150 -0.935587 -0.352726
vn 0.526141 -0.784620 -0.327943
vn 0.702487 -0.696030 -0.148509
vn 0.461738 -0.874569 -0.148079
vn -0.106307 -0.990787 -0.083898
vn 0.777826 -0.396102 0.487945
vn 0.890447 -0.434821 0.134296
vn 0.837435 -0.166129 0.520677
vn 0.756040 -0.542894 -0.365608
vn 0.926627 -0.272740 -0.258796
vn 0.632922 -0.768379 -0.094885
vn 0.651454 -0.705579 -0.278865
vn 0.458744 -0.863956 0.207686
vn 0.783132 -0.601319 -0.158493
vn -0.232824 -0.720065 -0.653681
vn -0.448954 -0.780455 -0.435121
vn -0.445305 -0.605399 -0.659693
vn -0.598986 -0.768321 0.225606
vn -0.676596 -0.709619 0.196619
vn 0.818880 -0.444335 0.363320
vn 0.863620 -0.268810 0.426499
vn 0.970913 -0.075632 0.227173
vn 0.742716 -0.388194 0.545600
vn 0.755128 -0.211018 0.620687
vn -0.746339 -0.570322 0.343089
vn -0.286268 -0.805444 0.518952
vn 0.302175 -0.273919 0.913049
vn 0.034582 0.084095 -0.995858
vn -0.005533 0.387143 -0.922003
vn -0.204222 0.112757 -0.972409
vn -0.362168 -0.154209 -0.919268
vn 0.178390 0.338103 -0.924048
vn -0.559030 -0.120339 -0.820368
vn -0.664071 -0.095660 -0.741524
vn -0.670944 0.205629 -0.712426
vn -0.604190 0.200301 -0.771255
vn -0.696976 -0.140050 -0.703286
vn -0.109383 -0.280080 -0.953725
vn -0.659862 0.042192 -0.750202
vn -0.225522 -0.328879 -0.917049
vn -0.827230 -0.090938 -0.554456
vn -0.587085 -0.031682 -0.808905
vn -0.625782 -0.232723 -0.744471
vn -0.230430 0.570419 -0.788368
vn -0.534032 0.137869 -0.834148
vn -0.719667 -0.205233 -0.663293
vn -0.365807 -0.034622 -0.930046
vn -0.707563 -0.158438 -0.688659
vn -0.553902 -0.149363 -0.819075
vn -0.252406 0.473609 -0.843792
vn -0.218112 0.404582 -0.888111
vn -0.458955 0.815947 -0.351556
vn 0.283407 0.386498 -0.877667
vn 0.329253 0.275184 -0.903253
vn -0.029560 0.180349 -0.983158
vn -0.050517 0.109109 -0.992745
vn -0.108113 0.282203 -0.953243
vn 0.261999 -0.132306 -0.955956
vn -0.641766 0.614333 -0.459054
vn -0.113975 -0.625277 -0.772036
vn -0.616398 -0.319312 -0.719787
vn -0.954434 0.098212 -0.281797
vn -0.337472 0.784736 -0.519906
vn -0.886559 -0.093785 -0.453010
vn -0.797093 -0.189111 -0.573480
vn -0.722121 -0.195239 -0.663644
vn -0.479639 -0.343341 -0.807504
vn -0.935275 -0.271793 -0.226691
vn -0.869162 -0.439072 0.227536
vn -0.976021 -0.148064 -0.159561
vn -0.961244 -0.274173 0.028967
vn -0.921592 -0.357953 -0.150124
vn -0.993124 -0.093780 -0.070071
vn -0.925932 -0.111319 0.360913
vn -0.859557 -0.473992 0.191033
vn -0.924920 -0.379836 0.015729
vn -0.996599 0.055345 0.061052
vn -0.883585 -0.408059 -0.229706
vn -0.976440 0.070204 0.204050
vn -0.663581 -0.574263 0.479460
vn -0.496582 -0.798039 0.341380
vn -0.832772 -0.500903 0.235770
vn -0.683055 -0.730331 0.007294
vn -0.675029 -0.675431 -0.296863
vn -0.774453 -0.554092 0.305295
vn -0.998085 -0.039815 0.047335
vn -0.998622 -0.034593 -0.039474
vn -0.755564 -0.642733 0.126559
vn -0.963003 -0.224978 0.148355
vn -0.713378 -0.623961 0.319007
vn -0.976783 -0.200305 0.075978
vn -0.973934 0.162331 -0.158432
vn -0.960259 -0.165885 0.224464
vn -0.814477 -0.540665 0.210495
vn -0.921851 -0.217735 0.320598
vn -0.588439 -0.808288 0.020262
vn -0.875823 -0.426730 0.225466
vn -0.719685 -0.694278 0.005635
vn -0.750605 -0.543896 0.375193
vn -0.697459 -0.355245 0.622376
vn -0.923045 -0.119001 0.365822
vn -0.952107 -0.077376 0.295812
vn -0.924763 -0.194043 0.327354
vn -0.782961 -0.286673 0.552079
vn -0.433744 0.108232 0.894512
vn -0.710350 -0.142841 0.689202
vn -0.671340 -0.179125 0.719178
vn -0.735113 -0.372351 0.566537
vn -0.636714 -0.557396 0.532827
vn -0.454880 -0.353759 0.817275
vn -0.004783 -0.280163 0.959941
vn -0.674056 -0.715993 0.181664
vn -0.374853 -0.522880 0.765560
vn -0.790014 0.072641 -0.608770
vn -0.450953 -0.682556 -0.575116
vn -0.907795 -0.367974 -0.201254
vn -0.802361 -0.261350 -0.536574
vn -0.165529 -0.058859 0.984447
vn 0.064423 -0.485818 0.871683
vn 0.210461 -0.521634 0.826804
vn -0.118717 -0.507200 0.853613
vn -0.381489 -0.373103 0.845731
vn -0.785513 -0.421516 0.453094
vn -0.980682 0.192277 0.035951
vn 0.780803 -0.086266 0.618794
vn 0.683626 -0.075142 0.725954
vn 0.857232 -0.362389 0.365823
vn 0.582602 -0.181402 0.792255
vn 0.741702 -0.003152 0.670722
vn 0.457567 -0.009736 0.889122
vn 0.633918 -0.215998 0.742626
vn 0.370397 0.101350 0.923328
vn 0.571138 -0.038477 0.819952
vn 0.458319 -0.314273 0.831370
vn 0.600624 -0.179879 0.779034
vn 0.462375 -0.062922 0.884449
vn 0.463158 0.263901 0.846074
vn 0.538357 0.013507 0.842609
vn 0.196923 0.178122 0.964103
vn 0.605060 0.074147 0.792720
vn 0.743395 -0.201029 0.637927
vn 0.394801 -0.059372 0.916846
vn 0.364392 0.032278 0.930686
vn 0.293329 0.297034 0.908696
vn 0.118777 0.441351 0.889439
vn 0.222804 0.231024 0.947094
vn 0.427577 -0.375207 0.822434
vn 0.217119 -0.498699 0.839141
vn 0.099400 -0.254379 0.961983
vn 0.393299 -0.172995 0.902989
vn 0.535535 -0.244604 0.808314
vn 0.109887 0.203123 0.972968
vn -0.306601 0.242459 0.920440
vn -0.402911 0.014309 0.915127
vn 0.008051 -0.290498 0.956842
vn 0.045562 -0.610970 0.790342
vn 0.107970 -0.159143 0.981334
vn -0.304609 0.063163 0.950381
vn -0.089262 -0.549544 0.830683
vn -0.247386 0.096333 0.964116
vn -0.147334 0.068803 0.986691
vn 0.115347 -0.226516 0.967153
vn -0.093606 -0.478853 0.872891
vn -0.092056 0.077913 0.992701
vn 0.851052 -0.459726 0.253699
vn -0.289499 0.649670 0.702936
vn -0.124671 0.679333 0.723163
vn -0.010306 0.914232 0.405061
vn 0.194120 0.692910 0.694402
vn 0.015807 0.378176 0.925599
vn -0.549222 -0.222348 0.805554
vn -0.206196 -0.456911 0.865283
vn 0.464440 -0.308953 0.829966
vn 0.876090 -0.406373 0.259476
vn 0.578472 -0.108062 -0.808513
vn 0.890018 -0.278385 -0.361068
vn 0.849217 -0.384703 -0.361711
vn 0.921456 0.187860 -0.340040
vn 0.928454 -0.343633 -0.141029
vn 0.948627 -0.285052 -0.137303
vn 0.822037 0.559554 -0.105616
vn 0.893083 0.447454 -0.046776
vn -0.561457 0.572969 0.597053
vn -0.586581 0.548185 0.596168
vn -0.281925 0.590220 -0.756412
vn -0.683914 0.610457 -0.399505
vn -0.361238 0.038764 0.931668
vn 0.867378 -0.487841 -0.098321
vn 0.816373 -0.504451 -0.281185
vn 0.954448 -0.163533 0.249571
vn 0.949651 -0.278672 -0.143196
vn 0.935838 -0.325943 -0.134047
vn -0.053291 -0.961255 0.270460
vn 0.040216 -0.738125 0.673464
vn 0.449879 -0.660249 0.601399
vn -0.505715 -0.720371 0.474677
vn -0.437055 -0.270393 -0.857829
vn -0.869535 -0.473893 0.139045
vn -0.996263 0.064691 -0.057226
vn -0.787669 -0.321585 0.525510
vn 0.132707 0.375241 0.917378
f 1/1/1 2/2/2 3/3/3
f 4/4/4 5/5/5 1/1/1
f 6/6/6 7/7/7 8/8/8
f 9/9/9 10/10/10 7/7/7
f 7/7/7 11/11/11 12/12/12
f 7/7/7 10/10/10 11/11/11
f 13/13/13 14/14/14 15/15/15
f 14/14/14 16/16/16 15/15/15
f 16/16/16 17/17/17 18/18/18
f 19/19/19 17/17/17 14/14/14
f 14/14/14 17/17/17 16/16/16
f 20/20/20 12/12/12 4/4/4
f 11/11/11 21/21/21 22/22/22
f 17/17/17 23/23/23 24/24/24
f 19/19/19 25/25/25 17/17/17
f 19/19/19 26/26/26 10/10/10
f 27/27/27 28/28/28 29/29/29
f 30/30/30 31/31/31 3/3/3
f 32/32/32 33/33/33 30/30/30
f 34/34/34 3/3/3 35/35/35
f 36/36/36 37/37/37 38/38/38
f 36/36/36 38/38/38 35/35/35
f 39/39/39 6/6/6 8/8/8
f 40/40/40 23/23/23 41/41/41
f 41/41/41 23/23/23 42/42/42
f 8/8/8 20/20/20 43/43/43
f 44/44/44 45/45/45 46/46/46
f 45/45/45 47/47/47 48/48/48
f 49/49/49 15/15/15 47/47/47
f 49/49/49 47/47/47 45/45/45
f 50/50/50 51/51/51 15/15/15
f 52/52/52 13/13/13 51/51/51
f 46/46/46 48/48/48 53/53/53
f 18/18/18 24/24/24 53/53/53
f 54/54/54 55/55/55 56/56/56
f 57/57/57 58/58/58 59/59/59
f 60/60/60 61/61/61 58/58/58
f 62/62/62 63/63/63 64/64/64
f 63/63/63 65/65/65 64/64/64
f 66/66/66 67/67/67 65/65/65
f 68/68/68 54/54/54 56/56/56
f 27/27/27 56/56/56 69/69/69
f 69/69/69 30/30/30 27/27/27
f 69/69/69 55/55/55 32/32/32
f 70/70/70 71/71/71 72/72/72
f 71/71/71 73/73/73 60/60/60
f 73/73/73 74/74/74 60/60/60
f 59/59/59 75/75/75 76/76/76
f 77/77/77 78/78/78 79/79/79
f 43/43/43 63/63/63 77/77/77
f 63/63/63 62/62/62 77/77/77
f 62/62/62 64/64/64 78/78/78
f 65/65/65 74/74/74 80/80/80
f 67/67/67 74/74/74 65/65/65
f 81/81/81 82/82/82 83/83/83
f 84/84/84 85/85/85 81/81/81
f 86/86/86 85/85/85 84/84/84
f 87/87/87 88/88/88 89/89/89
f 90/90/90 91/91/91 87/87/87
f 90/90/90 92/92/92 91/91/91
f 85/85/85 93/93/93 94/94/94
f 95/95/95 96/96/96 93/93/93
f 88/88/88 97/97/97 98/98/98
f 99/99/99 97/97/97 91/91/91
f 100/100/100 101/101/101 92/92/92
f 102/102/102 101/101/101 100/100/100
f 103/103/103 100/100/100 93/93/93
f 96/96/96 104/104/104 103/103/103
f 101/101/101 99/99/99 92/92/92
f 104/104/104 105/105/105 101/101/101
f 106/106/106 107/107/107 108/108/108
f 109/109/109 110/110/110 108/108/108
f 110/110/110 106/106/106 108/108/108
f 111/111/111 112/112/112 113/113/113
f 114/114/114 115/115/115 105/105/105
f 114/114/114 116/116/116 115/115/115
f 107/107/107 114/114/114 104/104/104
f 106/106/106 110/110/110 107/107/107
f 107/107/107 110/110/110 117/117/117
f 113/113/113 118/118/118 76/76/76
f 114/114/114 119/119/119 116/116/116
f 117/117/117 120/120/120 114/114/114
f 121/121/121 122/122/122 29/29/29
f 123/123/123 89/89/89 122/122/122
f 124/124/124 81/81/81 125/125/125
f 84/84/84 81/81/81 126/126/126
f 127/127/127 128/128/128 86/86/86
f 129/129/129 130/130/130 131/131/131
f 109/109/109 132/132/132 110/110/110
f 132/132/132 133/133/133 110/110/110
f 134/134/134 135/135/135 110/110/110
f 135/135/135 117/117/117 110/110/110
f 136/136/136 137/137/137 135/135/135
f 135/135/135 137/137/137 117/117/117
f 137/137/137 138/138/138 120/120/120
f 120/120/120 139/139/139 119/119/119
f 119/119/119 140/140/140 116/116/116
f 141/141/141 142/142/142 118/118/118
f 118/118/118 72/72/72 76/76/76
f 76/76/76 72/72/72 57/57/57
f 143/143/143 76/76/76 75/75/75
f 54/54/54 89/89/89 98/98/98
f 144/144/144 145/145/145 146/146/146
f 145/145/145 147/147/147 146/146/146
f 148/148/148 145/145/145 144/144/144
f 146/146/146 147/147/147 149/149/149
f 149/149/149 150/150/150 146/146/146
f 151/151/151 152/152/152 153/153/153
f 154/154/154 155/155/155 40/40/40
f 156/156/156 157/157/157 154/154/154
f 158/158/158 156/156/156 151/151/151
f 159/159/159 149/149/149 147/147/147
f 46/46/46 160/160/160 44/44/44
f 46/46/46 146/146/146 160/160/160
f 160/160/160 161/161/161 162/162/162
f 160/160/160 146/146/146 161/161/161
f 150/150/150 163/163/163 164/164/164
f 165/165/165 166/166/166 167/167/167
f 168/168/168 166/166/166 165/165/165
f 168/168/168 153/153/153 166/166/166
f 169/169/169 151/151/151 168/168/168
f 170/170/170 163/163/163 171/171/171
f 172/172/172 151/151/151 169/169/169
f 38/38/38 173/173/173 174/174/174
f 174/174/174 173/173/173 175/175/175
f 173/173/173 176/176/176 175/175/175
f 174/174/174 175/175/175 177/177/177
f 176/176/176 178/178/178 175/175/175
f 179/179/179 180/180/180 181/181/181
f 182/182/182 179/179/179 181/181/181
f 183/183/183 184/184/184 185/185/185
f 180/180/180 184/184/184 183/183/183
f 186/186/186 187/187/187 184/184/184
f 188/188/188 187/187/187 186/186/186
f 179/179/179 188/188/188 186/186/186
f 189/189/189 190/190/190 128/128/128
f 128/128/128 190/190/190 191/191/191
f 190/190/190 175/175/175 191/191/191
f 189/189/189 175/175/175 190/190/190
f 178/178/178 176/176/176 192/192/192
f 193/193/193 194/194/194 188/188/188
f 195/195/195 196/196/196 197/197/197
f 175/175/175 189/189/189 177/177/177
f 34/34/34 198/198/198 29/29/29
f 29/29/29 198/198/198 121/121/121
f 199/199/199 200/200/200 195/195/195
f 201/201/201 200/200/200 202/202/202
f 202/202/202 38/38/38 174/174/174
f 37/37/37 203/203/203 173/173/173
f 195/195/195 197/197/197 204/204/204
f 162/162/162 205/205/205 45/45/45
f 205/205/205 49/49/49 45/45/45
f 206/206/206 205/205/205 162/162/162
f 181/181/181 180/180/180 206/206/206
f 184/184/184 187/187/187 185/185/185
f 51/51/51 203/203/203 52/52/52
f 129/129/129 128/128/128 207/207/207
f 207/207/207 128/128/128 191/191/191
f 84/84/84 208/208/208 127/127/127
f 207/207/207 191/191/191 209/209/209
f 209/209/209 191/191/191 193/193/193
f 210/210/210 211/211/211 212/212/212
f 213/213/213 214/214/214 215/215/215
f 214/214/214 216/216/216 215/215/215
f 217/217/217 214/214/214 213/213/213
f 218/218/218 214/214/214 217/217/217
f 218/218/218 219/219/219 214/214/214
f 216/216/216 220/220/220 221/221/221
f 219/219/219 222/222/222 220/220/220
f 220/220/220 222/222/222 223/223/223
f 219/219/219 224/224/224 222/222/222
f 225/225/225 226/226/226 227/227/227
f 228/228/228 225/225/225 229/229/229
f 230/230/230 231/231/231 221/221/221
f 222/222/222 232/232/232 223/223/223
f 226/226/226 233/233/233 234/234/234
f 225/225/225 235/235/235 226/226/226
f 231/231/231 236/236/236 237/237/237
f 238/238/238 239/239/239 240/240/240
f 226/226/226 235/235/235 233/233/233
f 233/233/233 241/241/241 239/239/239
f 235/235/235 242/242/242 243/243/243
f 244/244/244 245/245/245 246/246/246
f 230/230/230 240/240/240 244/244/244
f 240/240/240 247/247/247 248/248/248
f 245/245/245 249/249/249 250/250/250
f 245/245/245 136/136/136 246/246/246
f 248/248/248 247/247/247 251/251/251
f 248/248/248 252/252/252 253/253/253
f 239/239/239 254/254/254 247/247/247
f 247/247/247 255/255/255 251/251/251
f 254/254/254 256/256/256 255/255/255
f 257/257/257 258/258/258 254/254/254
f 254/254/254 258/258/258 256/256/256
f 209/209/209 215/215/215 207/207/207
f 210/210/210 213/213/213 209/209/209
f 182/182/182 217/217/217 210/210/210
f 181/181/181 259/259/259 182/182/182
f 260/260/260 261/261/261 262/262/262
f 162/162/162 229/229/229 260/260/260
f 146/146/146 164/164/164 161/161/161
f 242/242/242 170/170/170 257/257/257
f 258/258/258 263/263/263 256/256/256
f 264/264/264 256/256/256 265/265/265
f 251/251/251 266/266/266 267/267/267
f 268/268/268 253/253/253 249/249/249
f 246/246/246 136/136/136 134/134/134
f 236/236/236 134/134/134 237/237/237
f 269/269/269 237/237/237 133/133/133
f 130/130/130 133/133/133 132/132/132
f 78/78/78 270/270/270 271/271/271
f 78/78/78 271/271/271 272/272/272
f 272/272/272 271/271/271 273/273/273
f 274/274/274 275/275/275 276/276/276
f 275/275/275 277/277/277 278/278/278
f 271/271/271 279/279/279 273/273/273
f 276/276/276 278/278/278 280/280/280
f 281/281/281 282/282/282 283/283/283
f 275/275/275 284/284/284 277/277/277
f 273/273/273 285/285/285 286/286/286
f 285/285/285 287/287/287 288/288/288
f 289/289/289 290/290/290 291/291/291
f 292/292/292 293/293/293 294/294/294
f 295/295/295 296/296/296 293/293/293
f 287/287/287 297/297/297 298/298/298
f 297/297/297 299/299/299 298/298/298
f 294/294/294 293/293/293 300/300/300
f 293/293/293 301/301/301 300/300/300
f 302/302/302 303/303/303 304/304/304
f 296/296/296 302/302/302 293/293/293
f 293/293/293 304/304/304 301/301/301
f 302/302/302 298/298/298 303/303/303
f 299/299/299 305/305/305 298/298/298
f 306/306/306 138/138/138 305/305/305
f 307/307/307 308/308/308 263/263/263
f 301/301/301 304/304/304 308/308/308
f 304/304/304 303/303/303 267/267/267
f 303/303/303 305/305/305 250/250/250
f 298/298/298 305/305/305 303/303/303
f 305/305/305 309/309/309 250/250/250
f 305/305/305 138/138/138 309/309/309
f 39/39/39 272/272/272 310/310/310
f 79/79/79 78/78/78 272/272/272
f 64/64/64 80/80/80 78/78/78
f 80/80/80 74/74/74 274/274/274
f 72/72/72 118/118/118 311/311/311
f 142/142/142 312/312/312 311/311/311
f 312/312/312 313/313/313 314/314/314
f 315/315/315 120/120/120 138/138/138
f 303/303/303 316/316/316 267/267/267
f 267/267/267 316/316/316 253/253/253
f 308/308/308 265/265/265 256/256/256
f 172/172/172 263/263/263 317/317/317
f 169/169/169 307/307/307 172/172/172
f 318/318/318 300/300/300 307/307/307
f 168/168/168 318/318/318 169/169/169
f 319/319/319 286/286/286 165/165/165
f 272/272/272 273/273/273 319/319/319
f 1/1/1 320/320/320 2/2/2
f 1/1/1 5/5/5 320/320/320
f 2/2/2 21/21/21 37/37/37
f 36/36/36 2/2/2 37/37/37
f 320/320/320 21/21/21 2/2/2
f 5/5/5 22/22/22 320/320/320
f 320/320/320 22/22/22 21/21/21
f 7/7/7 6/6/6 9/9/9
f 9/9/9 321/321/321 322/322/322
f 9/9/9 322/322/322 10/10/10
f 322/322/322 42/42/42 25/25/25
f 42/42/42 23/23/23 17/17/17
f 322/322/322 25/25/25 10/10/10
f 20/20/20 7/7/7 12/12/12
f 8/8/8 7/7/7 20/20/20
f 10/10/10 25/25/25 19/19/19
f 48/48/48 16/16/16 18/18/18
f 52/52/52 26/26/26 13/13/13
f 24/24/24 18/18/18 17/17/17
f 13/13/13 19/19/19 14/14/14
f 13/13/13 26/26/26 19/19/19
f 4/4/4 12/12/12 5/5/5
f 5/5/5 12/12/12 22/22/22
f 12/12/12 11/11/11 22/22/22
f 52/52/52 21/21/21 26/26/26
f 21/21/21 11/11/11 26/26/26
f 26/26/26 11/11/11 10/10/10
f 28/28/28 3/3/3 34/34/34
f 3/3/3 31/31/31 1/1/1
f 27/27/27 3/3/3 28/28/28
f 35/35/35 199/199/199 34/34/34
f 30/30/30 33/33/33 31/31/31
f 33/33/33 1/1/1 31/31/31
f 32/32/32 323/323/323 33/33/33
f 33/33/33 4/4/4 1/1/1
f 35/35/35 3/3/3 2/2/2
f 35/35/35 38/38/38 202/202/202
f 37/37/37 21/21/21 52/52/52
f 79/79/79 39/39/39 8/8/8
f 321/321/321 41/41/41 322/322/322
f 324/324/324 325/325/325 9/9/9
f 6/6/6 324/324/324 9/9/9
f 325/325/325 321/321/321 9/9/9
f 325/325/325 41/41/41 321/321/321
f 43/43/43 77/77/77 8/8/8
f 77/77/77 79/79/79 8/8/8
f 43/43/43 20/20/20 323/323/323
f 323/323/323 20/20/20 4/4/4
f 53/53/53 48/48/48 18/18/18
f 323/323/323 4/4/4 33/33/33
f 162/162/162 45/45/45 44/44/44
f 49/49/49 50/50/50 15/15/15
f 15/15/15 51/51/51 13/13/13
f 46/46/46 45/45/45 48/48/48
f 24/24/24 23/23/23 155/155/155
f 56/56/56 55/55/55 69/69/69
f 54/54/54 75/75/75 55/55/55
f 55/55/55 75/75/75 326/326/326
f 72/72/72 71/71/71 57/57/57
f 57/57/57 60/60/60 58/58/58
f 76/76/76 57/57/57 59/59/59
f 58/58/58 61/61/61 327/327/327
f 323/323/323 61/61/61 66/66/66
f 32/32/32 61/61/61 323/323/323
f 66/66/66 61/61/61 67/67/67
f 63/63/63 66/66/66 65/65/65
f 55/55/55 327/327/327 61/61/61
f 58/58/58 327/327/327 326/326/326
f 67/67/67 61/61/61 74/74/74
f 61/61/61 60/60/60 74/74/74
f 326/326/326 327/327/327 55/55/55
f 27/27/27 29/29/29 56/56/56
f 56/56/56 29/29/29 68/68/68
f 29/29/29 122/122/122 68/68/68
f 75/75/75 54/54/54 98/98/98
f 69/69/69 32/32/32 30/30/30
f 71/71/71 60/60/60 57/57/57
f 77/77/77 62/62/62 78/78/78
f 43/43/43 323/323/323 63/63/63
f 323/323/323 66/66/66 63/63/63
f 64/64/64 65/65/65 80/80/80
f 123/123/123 125/125/125 89/89/89
f 81/81/81 85/85/85 82/82/82
f 125/125/125 81/81/81 83/83/83
f 83/83/83 94/94/94 90/90/90
f 82/82/82 94/94/94 83/83/83
f 86/86/86 95/95/95 85/85/85
f 95/95/95 129/129/129 131/131/131
f 89/89/89 88/88/88 98/98/98
f 87/87/87 91/91/91 88/88/88
f 90/90/90 94/94/94 92/92/92
f 15/15/15 16/16/16 48/48/48
f 15/15/15 48/48/48 47/47/47
f 93/93/93 100/100/100 94/94/94
f 93/93/93 96/96/96 103/103/103
f 131/131/131 96/96/96 95/95/95
f 91/91/91 97/97/97 88/88/88
f 91/91/91 92/92/92 99/99/99
f 94/94/94 100/100/100 92/92/92
f 103/103/103 102/102/102 100/100/100
f 131/131/131 109/109/109 96/96/96
f 97/97/97 143/143/143 75/75/75
f 97/97/97 111/111/111 143/143/143
f 99/99/99 111/111/111 97/97/97
f 99/99/99 105/105/105 328/328/328
f 99/99/99 328/328/328 111/111/111
f 105/105/105 329/329/329 328/328/328
f 101/101/101 105/105/105 99/99/99
f 96/96/96 109/109/109 108/108/108
f 108/108/108 107/107/107 104/104/104
f 103/103/103 104/104/104 102/102/102
f 105/105/105 104/104/104 114/114/114
f 101/101/101 102/102/102 104/104/104
f 104/104/104 96/96/96 108/108/108
f 143/143/143 111/111/111 76/76/76
f 111/111/111 113/113/113 76/76/76
f 328/328/328 112/112/112 111/111/111
f 328/328/328 329/329/329 112/112/112
f 329/329/329 115/115/115 116/116/116
f 105/105/105 115/115/115 329/329/329
f 112/112/112 141/141/141 113/113/113
f 329/329/329 116/116/116 112/112/112
f 116/116/116 140/140/140 112/112/112
f 107/107/107 117/117/117 114/114/114
f 122/122/122 89/89/89 68/68/68
f 330/330/330 123/123/123 121/121/121
f 121/121/121 123/123/123 122/122/122
f 123/123/123 124/124/124 125/125/125
f 126/126/126 331/331/331 208/208/208
f 330/330/330 124/124/124 123/123/123
f 124/124/124 331/331/331 126/126/126
f 124/124/124 126/126/126 81/81/81
f 204/204/204 331/331/331 124/124/124
f 208/208/208 84/84/84 126/126/126
f 86/86/86 84/84/84 127/127/127
f 86/86/86 129/129/129 95/95/95
f 128/128/128 129/129/129 86/86/86
f 131/131/131 130/130/130 132/132/132
f 131/131/131 132/132/132 109/109/109
f 133/133/133 134/134/134 110/110/110
f 137/137/137 332/332/332 138/138/138
f 117/117/117 137/137/137 120/120/120
f 114/114/114 120/120/120 119/119/119
f 119/119/119 139/139/139 140/140/140
f 142/142/142 141/141/141 313/313/313
f 112/112/112 140/140/140 141/141/141
f 113/113/113 141/141/141 118/118/118
f 98/98/98 97/97/97 75/75/75
f 68/68/68 89/89/89 54/54/54
f 333/333/333 155/155/155 334/334/334
f 144/144/144 333/333/333 148/148/148
f 145/145/145 159/159/159 147/147/147
f 145/145/145 148/148/148 159/159/159
f 166/166/166 153/153/153 335/335/335
f 335/335/335 336/336/336 337/337/337
f 153/153/153 152/152/152 336/336/336
f 336/336/336 154/154/154 40/40/40
f 336/336/336 40/40/40 41/41/41
f 152/152/152 156/156/156 154/154/154
f 158/158/158 171/171/171 338/338/338
f 339/339/339 171/171/171 158/158/158
f 338/338/338 150/150/150 158/158/158
f 171/171/171 163/163/163 338/338/338
f 163/163/163 150/150/150 338/338/338
f 339/339/339 158/158/158 340/340/340
f 156/156/156 158/158/158 149/149/149
f 172/172/172 340/340/340 151/151/151
f 172/172/172 339/339/339 340/340/340
f 159/159/159 156/156/156 149/149/149
f 154/154/154 334/334/334 155/155/155
f 334/334/334 154/154/154 148/148/148
f 150/150/150 149/149/149 158/158/158
f 340/340/340 158/158/158 151/151/151
f 151/151/151 156/156/156 152/152/152
f 159/159/159 148/148/148 157/157/157
f 156/156/156 159/159/159 157/157/157
f 44/44/44 160/160/160 162/162/162
f 333/333/333 144/144/144 53/53/53
f 46/46/46 53/53/53 144/144/144
f 53/53/53 24/24/24 333/333/333
f 146/146/146 150/150/150 164/164/164
f 310/310/310 167/167/167 325/325/325
f 310/310/310 325/325/325 324/324/324
f 39/39/39 310/310/310 324/324/324
f 167/167/167 166/166/166 335/335/335
f 337/337/337 167/167/167 335/335/335
f 319/319/319 165/165/165 167/167/167
f 168/168/168 151/151/151 153/153/153
f 167/167/167 337/337/337 325/325/325
f 337/337/337 41/41/41 325/325/325
f 337/337/337 336/336/336 41/41/41
f 40/40/40 155/155/155 23/23/23
f 317/317/317 341/341/341 339/339/339
f 339/339/339 341/341/341 171/171/171
f 341/341/341 170/170/170 171/171/171
f 317/317/317 339/339/339 172/172/172
f 195/195/195 200/200/200 196/196/196
f 196/196/196 200/200/200 201/201/201
f 201/201/201 174/174/174 177/177/177
f 183/183/183 342/342/342 180/180/180
f 184/184/184 180/180/180 186/186/186
f 180/180/180 179/179/179 186/186/186
f 212/212/212 188/188/188 179/179/179
f 188/188/188 178/178/178 187/187/187
f 188/188/188 194/194/194 178/178/178
f 128/128/128 127/127/127 189/189/189
f 127/127/127 197/197/197 189/189/189
f 193/193/193 191/191/191 194/194/194
f 187/187/187 178/178/178 192/192/192
f 196/196/196 201/201/201 189/189/189
f 196/196/196 189/189/189 197/197/197
f 189/189/189 201/201/201 177/177/177
f 194/194/194 191/191/191 178/178/178
f 191/191/191 175/175/175 178/178/178
f 29/29/29 28/28/28 34/34/34
f 198/198/198 34/34/34 199/199/199
f 200/200/200 199/199/199 35/35/35
f 200/200/200 35/35/35 202/202/202
f 38/38/38 37/37/37 173/173/173
f 330/330/330 198/198/198 195/195/195
f 37/37/37 52/52/52 203/203/203
f 198/198/198 199/199/199 195/195/195
f 121/121/121 198/198/198 330/330/330
f 124/124/124 330/330/330 204/204/204
f 331/331/331 204/204/204 197/197/197
f 206/206/206 342/342/342 205/205/205
f 205/205/205 342/342/342 183/183/183
f 259/259/259 181/181/181 206/206/206
f 182/182/182 212/212/212 179/179/179
f 183/183/183 185/185/185 50/50/50
f 50/50/50 185/185/185 51/51/51
f 185/185/185 187/187/187 51/51/51
f 51/51/51 192/192/192 203/203/203
f 187/187/187 192/192/192 51/51/51
f 208/208/208 331/331/331 197/197/197
f 127/127/127 208/208/208 197/197/197
f 209/209/209 193/193/193 211/211/211
f 211/211/211 193/193/193 188/188/188
f 209/209/209 213/213/213 215/215/215
f 207/207/207 215/215/215 269/269/269
f 219/219/219 218/218/218 224/224/224
f 262/262/262 218/218/218 259/259/259
f 218/218/218 261/261/261 224/224/224
f 261/261/261 260/260/260 229/229/229
f 229/229/229 227/227/227 261/261/261
f 262/262/262 261/261/261 218/218/218
f 224/224/224 261/261/261 227/227/227
f 269/269/269 216/216/216 221/221/221
f 269/269/269 215/215/215 216/216/216
f 220/220/220 214/214/214 219/219/219
f 221/221/221 220/220/220 223/223/223
f 214/214/214 220/220/220 216/216/216
f 224/224/224 227/227/227 234/234/234
f 222/222/222 224/224/224 234/234/234
f 227/227/227 226/226/226 234/234/234
f 229/229/229 225/225/225 227/227/227
f 269/269/269 221/221/221 231/231/231
f 269/269/269 231/231/231 237/237/237
f 221/221/221 223/223/223 343/343/343
f 221/221/221 343/343/343 230/230/230
f 343/343/343 240/240/240 230/230/230
f 343/343/343 223/223/223 232/232/232
f 222/222/222 234/234/234 344/344/344
f 233/233/233 344/344/344 234/234/234
f 225/225/225 345/345/345 235/235/235
f 230/230/230 236/236/236 231/231/231
f 236/236/236 230/230/230 244/244/244
f 236/236/236 244/244/244 246/246/246
f 343/343/343 232/232/232 240/240/240
f 240/240/240 232/232/232 238/238/238
f 344/344/344 233/233/233 232/232/232
f 232/232/232 233/233/233 238/238/238
f 238/238/238 233/233/233 239/239/239
f 233/233/233 235/235/235 241/241/241
f 243/243/243 241/241/241 235/235/235
f 235/235/235 345/345/345 242/242/242
f 248/248/248 244/244/244 240/240/240
f 268/268/268 244/244/244 248/248/248
f 245/245/245 244/244/244 268/268/268
f 240/240/240 239/239/239 247/247/247
f 239/239/239 241/241/241 243/243/243
f 245/245/245 268/268/268 249/249/249
f 245/245/245 250/250/250 136/136/136
f 253/253/253 268/268/268 248/248/248
f 248/248/248 251/251/251 252/252/252
f 247/247/247 254/254/254 255/255/255
f 239/239/239 243/243/243 254/254/254
f 255/255/255 256/256/256 264/264/264
f 243/243/243 257/257/257 254/254/254
f 211/211/211 210/210/210 209/209/209
f 210/210/210 217/217/217 213/213/213
f 182/182/182 218/218/218 217/217/217
f 212/212/212 182/182/182 210/210/210
f 206/206/206 162/162/162 260/260/260
f 206/206/206 260/260/260 262/262/262
f 229/229/229 161/161/161 228/228/228
f 162/162/162 161/161/161 229/229/229
f 161/161/161 164/164/164 228/228/228
f 225/225/225 228/228/228 164/164/164
f 345/345/345 164/164/164 242/242/242
f 258/258/258 257/257/257 341/341/341
f 242/242/242 164/164/164 170/170/170
f 164/164/164 163/163/163 170/170/170
f 170/170/170 341/341/341 257/257/257
f 243/243/243 242/242/242 257/257/257
f 258/258/258 341/341/341 317/317/317
f 258/258/258 317/317/317 263/263/263
f 251/251/251 255/255/255 266/266/266
f 255/255/255 264/264/264 266/266/266
f 266/266/266 264/264/264 265/265/265
f 252/252/252 251/251/251 267/267/267
f 253/253/253 252/252/252 267/267/267
f 134/134/134 136/136/136 135/135/135
f 250/250/250 249/249/249 316/316/316
f 136/136/136 332/332/332 137/137/137
f 250/250/250 332/332/332 136/136/136
f 133/133/133 237/237/237 134/134/134
f 236/236/236 246/246/246 134/134/134
f 130/130/130 269/269/269 133/133/133
f 129/129/129 269/269/269 130/130/130
f 129/129/129 207/207/207 269/269/269
f 270/270/270 276/276/276 280/280/280
f 276/276/276 275/275/275 278/278/278
f 73/73/73 346/346/346 275/275/275
f 346/346/346 311/311/311 312/312/312
f 273/273/273 279/279/279 285/285/285
f 319/319/319 273/273/273 286/286/286
f 271/271/271 280/280/280 279/279/279
f 280/280/280 278/278/278 281/281/281
f 283/283/283 279/279/279 281/281/281
f 278/278/278 277/277/277 281/281/281
f 281/281/281 277/277/277 282/282/282
f 295/295/295 292/292/292 285/285/285
f 346/346/346 312/312/312 290/290/290
f 284/284/284 346/346/346 290/290/290
f 286/286/286 285/285/285 292/292/292
f 279/279/279 283/283/283 287/287/287
f 285/285/285 279/279/279 287/287/287
f 297/297/297 282/282/282 291/291/291
f 277/277/277 289/289/289 291/291/291
f 282/282/282 277/277/277 291/291/291
f 292/292/292 295/295/295 293/293/293
f 318/318/318 292/292/292 294/294/294
f 295/295/295 285/285/285 296/296/296
f 296/296/296 288/288/288 302/302/302
f 288/288/288 287/287/287 298/298/298
f 297/297/297 291/291/291 299/299/299
f 306/306/306 290/290/290 315/315/315
f 291/291/291 290/290/290 306/306/306
f 306/306/306 315/315/315 138/138/138
f 299/299/299 291/291/291 306/306/306
f 318/318/318 294/294/294 300/300/300
f 293/293/293 302/302/302 304/304/304
f 302/302/302 288/288/288 298/298/298
f 299/299/299 306/306/306 305/305/305
f 307/307/307 300/300/300 308/308/308
f 308/308/308 304/304/304 266/266/266
f 300/300/300 301/301/301 308/308/308
f 78/78/78 80/80/80 270/270/270
f 80/80/80 274/274/274 276/276/276
f 270/270/270 80/80/80 276/276/276
f 274/274/274 74/74/74 73/73/73
f 274/274/274 73/73/73 275/275/275
f 73/73/73 71/71/71 346/346/346
f 71/71/71 70/70/70 346/346/346
f 72/72/72 311/311/311 70/70/70
f 70/70/70 311/311/311 346/346/346
f 118/118/118 142/142/142 311/311/311
f 312/312/312 142/142/142 313/313/313
f 290/290/290 314/314/314 315/315/315
f 314/314/314 140/140/140 139/139/139
f 314/314/314 313/313/313 140/140/140
f 309/309/309 138/138/138 332/332/332
f 250/250/250 309/309/309 332/332/332
f 303/303/303 250/250/250 316/316/316
f 253/253/253 316/316/316 249/249/249
f 308/308/308 266/266/266 265/265/265
f 263/263/263 308/308/308 256/256/256
f 172/172/172 307/307/307 263/263/263
f 169/169/169 318/318/318 307/307/307
f 168/168/168 292/292/292 318/318/318
f 168/168/168 165/165/165 292/292/292
f 165/165/165 286/286/286 292/292/292
f 310/310/310 272/272/272 319/319/319
f 17/17/17 25/25/25 42/42/42
f 59/59/59 58/58/58 326/326/326
f 59/59/59 326/326/326 75/75/75
f 3/3/3 27/27/27 30/30/30
f 36/36/36 35/35/35 2/2/2
f 6/6/6 39/39/39 324/324/324
f 42/42/42 322/322/322 41/41/41
f 61/61/61 32/32/32 55/55/55
f 90/90/90 87/87/87 125/125/125
f 90/90/90 125/125/125 83/83/83
f 89/89/89 125/125/125 87/87/87
f 192/192/192 176/176/176 173/173/173
f 192/192/192 173/173/173 203/203/203
f 85/85/85 94/94/94 82/82/82
f 93/93/93 85/85/85 95/95/95
f 139/139/139 120/120/120 315/315/315
f 313/313/313 141/141/141 140/140/140
f 148/148/148 333/333/333 334/334/334
f 335/335/335 153/153/153 336/336/336
f 154/154/154 336/336/336 152/152/152
f 148/148/148 154/154/154 157/157/157
f 146/146/146 46/46/46 144/144/144
f 155/155/155 333/333/333 24/24/24
f 342/342/342 206/206/206 180/180/180
f 212/212/212 211/211/211 188/188/188
f 174/174/174 201/201/201 202/202/202
f 183/183/183 50/50/50 49/49/49
f 183/183/183 49/49/49 205/205/205
f 204/204/204 330/330/330 195/195/195
f 283/283/283 282/282/282 297/297/297
f 283/283/283 297/297/297 287/287/287
f 232/232/232 222/222/222 344/344/344
f 218/218/218 182/182/182 259/259/259
f 262/262/262 259/259/259 206/206/206
f 345/345/345 225/225/225 164/164/164
f 280/280/280 271/271/271 270/270/270
f 346/346/346 284/284/284 275/275/275
f 281/281/281 279/279/279 280/280/280
f 289/289/289 277/277/277 284/284/284
f 290/290/290 289/289/289 284/284/284
f 288/288/288 296/296/296 285/285/285
f 272/272/272 39/39/39 79/79/79
f 314/314/314 290/290/290 312/312/312
f 139/139/139 315/315/315 314/314/314
f 267/267/267 266/266/266 304/304/304
f 319/319/319 167/167/167 310/310/310
f 347/347/347 348/348/348 349/349/349
f 350/350/350 351/351/351 347/347/347
f 352/352/352 353/353/353 354/354/354
f 355/355/355 356/356/356 353/353/353
f 353/353/353 357/357/357 358/358/358
f 353/353/353 356/356/356 357/357/357
f 359/359/359 360/360/360 361/361/361
f 360/360/360 362/362/362 361/361/361
f 362/362/362 363/363/363 364/364/364
f 365/365/365 363/363/363 360/360/360
f 360/360/360 363/363/363 362/362/362
f 366/366/366 358/358/358 350/350/350
f 357/357/357 367/367/367 368/368/368
f 363/363/363 369/369/369 370/370/370
f 365/365/365 371/371/371 363/363/363
f 365/365/365 372/372/372 356/356/356
f 373/373/373 374/374/374 375/375/375
f 376/376/376 377/377/377 349/349/349
f 378/378/378 379/379/379 376/376/376
f 380/380/380 349/349/349 381/381/381
f 382/382/382 383/383/383 384/384/384
f 382/382/382 384/384/384 381/381/381
f 385/385/385 352/352/352 354/354/354
f 386/386/386 369/369/369 387/387/387
f 387/387/387 369/369/369 388/388/388
f 354/354/354 366/366/366 389/389/389
f 390/390/390 391/391/391 392/392/392
f 391/391/391 393/393/393 394/394/394
f 395/395/395 361/361/361 393/393/393
f 395/395/395 393/393/393 391/391/391
f 396/396/396 397/397/397 361/361/361
f 398/398/398 359/359/359 397/397/397
f 392/392/392 394/394/394 399/399/399
f 364/364/364 370/370/370 399/399/399
f 400/400/400 401/401/401 402/402/402
f 403/403/403 404/404/404 405/405/405
f 406/406/406 407/407/407 404/404/404
f 408/408/408 409/409/409 410/410/410
f 409/409/409 411/411/411 410/410/410
f 412/412/412 413/413/413 411/411/411
f 414/414/414 400/400/400 402/402/402
f 373/373/373 402/402/402 415/415/415
f 415/415/415 376/376/376 373/373/373
f 415/415/415 401/401/401 378/378/378
f 416/416/416 417/417/417 418/418/418
f 417/417/417 419/419/419 406/406/406
f 419/419/419 420/420/420 406/406/406
f 405/405/405 421/421/421 422/422/422
f 423/423/423 424/424/424 425/425/425
f 389/389/389 409/409/409 423/423/423
f 409/409/409 408/408/408 423/423/423
f 408/408/408 410/410/410 424/424/424
f 411/411/411 420/420/420 426/426/426
f 413/413/413 420/420/420 411/411/411
f 427/427/427 428/428/428 429/429/429
f 430/430/430 431/431/431 427/427/427
f 432/432/432 431/431/431 430/430/430
f 433/433/433 434/434/434 435/435/435
f 436/436/436 437/437/437 433/433/433
f 436/436/436 438/438/438 437/437/437
f 431/431/431 439/439/439 440/440/440
f 441/441/441 442/442/442 439/439/439
f 434/434/434 443/443/443 444/444/444
f 445/445/445 443/443/443 437/437/437
f 446/446/446 447/447/447 438/438/438
f 448/448/448 447/447/447 446/446/446
f 449/449/449 446/446/446 439/439/439
f 442/442/442 450/450/450 449/449/449
f 447/447/447 445/445/445 438/438/438
f 450/450/450 451/451/451 447/447/447
f 452/452/452 453/453/453 454/454/454
f 455/455/455 456/456/456 454/454/454
f 456/456/456 452/452/452 454/454/454
f 457/457/457 458/458/458 459/459/459
f 460/460/460 461/461/461 451/451/451
f 460/460/460 462/462/462 461/461/461
f 453/453/453 460/460/460 450/450/450
f 452/452/452 456/456/456 453/453/453
f 453/453/453 456/456/456 463/463/463
f 459/459/459 464/464/464 422/422/422
f 460/460/460 465/465/465 462/462/462
f 463/463/463 466/466/466 460/460/460
f 467/467/467 468/468/468 375/375/375
f 469/469/469 435/435/435 468/468/468
f 470/470/470 427/427/427 471/471/471
f 430/430/430 427/427/427 472/472/472
f 473/473/473 474/474/474 432/432/432
f 475/475/475 476/476/476 477/477/477
f 455/455/455 478/478/478 456/456/456
f 478/478/478 479/479/479 456/456/456
f 480/480/480 481/481/481 456/456/456
f 481/481/481 463/463/463 456/456/456
f 482/482/482 483/483/483 481/481/481
f 481/481/481 483/483/483 463/463/463
f 483/483/483 484/484/484 466/466/466
f 466/466/466 485/485/485 465/465/465
f 465/465/465 486/486/486 462/462/462
f 487/487/487 488/488/488 464/464/464
f 464/464/464 418/418/418 422/422/422
f 422/422/422 418/418/418 403/403/403
f 489/489/489 422/422/422 421/421/421
f 400/400/400 435/435/435 444/444/444
f 490/490/490 491/491/491 492/492/492
f 491/491/491 493/493/493 492/492/492
f 494/494/494 491/491/491 490/490/490
f 492/492/492 493/493/493 495/495/495
f 495/495/495 496/496/496 492/492/492
f 497/497/497 498/498/498 499/499/499
f 500/500/500 501/501/501 386/386/386
f 502/502/502 503/503/503 500/500/500
f 504/504/504 502/502/502 497/497/497
f 505/505/505 495/495/495 493/493/493
f 392/392/392 506/506/506 390/390/390
f 392/392/392 492/492/492 506/506/506
f 506/506/506 507/507/507 508/508/508
f 506/506/506 492/492/492 507/507/507
f 496/496/496 509/509/509 510/510/510
f 511/511/511 512/512/512 513/513/513
f 514/514/514 512/512/512 511/511/511
f 514/514/514 499/499/499 512/512/512
f 515/515/515 497/497/497 514/514/514
f 516/516/516 509/509/509 517/517/517
f 518/518/518 497/497/497 515/515/515
f 384/384/384 519/519/519 520/520/520
f 520/520/520 519/519/519 521/521/521
f 519/519/519 522/522/522 521/521/521
f 520/520/520 521/521/521 523/523/523
f 522/522/522 524/524/524 521/521/521
f 525/525/525 526/526/526 527/527/527
f 528/528/528 525/525/525 527/527/527
f 529/529/529 530/530/530 531/531/531
f 526/526/526 530/530/530 529/529/529
f 532/532/532 533/533/533 530/530/530
f 534/534/534 533/533/533 532/532/532
f 525/525/525 534/534/534 532/532/532
f 535/535/535 536/536/536 474/474/474
f 474/474/474 536/536/536 537/537/537
f 536/536/536 521/521/521 537/537/537
f 535/535/535 521/521/521 536/536/536
f 524/524/524 522/522/522 538/538/538
f 539/539/539 540/540/540 534/534/534
f 541/541/541 542/542/542 543/543/543
f 521/521/521 535/535/535 523/523/523
f 380/380/380 544/544/544 375/375/375
f 375/375/375 544/544/544 467/467/467
f 545/545/545 546/546/546 541/541/541
f 547/547/547 546/546/546 548/548/548
f 548/548/548 384/384/384 520/520/520
f 383/383/383 549/549/549 519/519/519
f 541/541/541 543/543/543 550/550/550
f 508/508/508 551/551/551 391/391/391
f 551/551/551 395/395/395 391/391/391
f 552/552/552 551/551/551 508/508/508
f 527/527/527 526/526/526 552/552/552
f 530/530/530 533/533/533 531/531/531
f 397/397/397 549/549/549 398/398/398
f 475/475/475 474/474/474 553/553/553
f 553/553/553 474/474/474 537/537/537
f 430/430/430 554/554/554 473/473/473
f 553/553/553 537/537/537 555/555/555
f 555/555/555 537/537/537 539/539/539
f 556/556/556 557/557/557 558/558/558
f 559/559/559 560/560/560 561/561/561
f 560/560/560 562/562/562 561/561/561
f 563/563/563 560/560/560 559/559/559
f 564/564/564 560/560/560 563/563/563
f 564/564/564 565/565/565 560/560/560
f 562/562/562 566/566/566 567/567/567
f 565/565/565 568/568/568 566/566/566
f 566/566/566 568/568/568 569/569/569
f 565/565/565 570/570/570 568/568/568
f 571/571/571 572/572/572 573/573/573
f 574/574/574 571/571/571 575/575/575
f 576/576/576 577/577/577 567/567/567
f 568/568/568 578/578/578 569/569/569
f 572/572/572 579/579/579 580/580/580
f 571/571/571 581/581/581 572/572/572
f 577/577/577 582/582/582 583/583/583
f 584/584/584 585/585/585 586/586/586
f 572/572/572 581/581/581 579/579/579
f 579/579/579 587/587/587 585/585/585
f 581/581/581 588/588/588 589/589/589
f 590/590/590 591/591/591 592/592/592
f 576/576/576 586/586/586 590/590/590
f 586/586/586 593/593/593 594/594/594
f 591/591/591 595/595/595 596/596/596
f 591/591/591 482/482/482 592/592/592
f 594/594/594 593/593/593 597/597/597
f 594/594/594 598/598/598 599/599/599
f 585/585/585 600/600/600 593/593/593
f 593/593/593 601/601/601 597/597/597
f 600/600/600 602/602/602 601/601/601
f 603/603/603 604/604/604 600/600/600
f 600/600/600 604/604/604 602/602/602
f 555/555/555 561/561/561 553/553/553
f 556/556/556 559/559/559 555/555/555
f 528/528/528 563/563/563 556/556/556
f 527/527/527 605/605/605 528/528/528
f 606/606/606 607/607/607 608/608/608
f 508/508/508 575/575/575 606/606/606
f 492/492/492 510/510/510 507/507/507
f 588/588/588 516/516/516 603/603/603
f 604/604/604 609/609/609 602/602/602
f 610/610/610 602/602/602 611/611/611
f 597/597/597 612/612/612 613/613/613
f 614/614/614 599/599/599 595/595/595
f 592/592/592 482/482/482 480/480/480
f 582/582/582 480/480/480 583/583/583
f 615/615/615 583/583/583 479/479/479
f 476/476/476 479/479/479 478/478/478
f 424/424/424 616/616/616 617/617/617
f 424/424/424 617/617/617 618/618/618
f 618/618/618 617/617/617 619/619/619
f 620/620/620 621/621/621 622/622/622
f 621/621/621 623/623/623 624/624/624
f 617/617/617 625/625/625 619/619/619
f 622/622/622 624/624/624 626/626/626
f 627/627/627 628/628/628 629/629/629
f 621/621/621 630/630/630 623/623/623
f 619/619/619 631/631/631 632/632/632
f 631/631/631 633/633/633 634/634/634
f 635/635/635 636/636/636 637/637/637
f 638/638/638 639/639/639 640/640/640
f 641/641/641 642/642/642 639/639/639
f 633/633/633 643/643/643 644/644/644
f 643/643/643 645/645/645 644/644/644
f 640/640/640 639/639/639 646/646/646
f 639/639/639 647/647/647 646/646/646
f 648/648/648 649/649/649 650/650/650
f 642/642/642 648/648/648 639/639/639
f 639/639/639 650/650/650 647/647/647
f 648/648/648 644/644/644 649/649/649
f 645/645/645 651/651/651 644/644/644
f 652/652/652 484/484/484 651/651/651
f 653/653/653 654/654/654 609/609/609
f 647/647/647 650/650/650 654/654/654
f 650/650/650 649/649/649 613/613/613
f 649/649/649 651/651/651 596/596/596
f 644/644/644 651/651/651 649/649/649
f 651/651/651 655/655/655 596/596/596
f 651/651/651 484/484/484 655/655/655
f 385/385/385 618/618/618 656/656/656
f 425/425/425 424/424/424 618/618/618
f 410/410/410 426/426/426 424/424/424
f 426/426/426 420/420/420 620/620/620
f 418/418/418 464/464/464 657/657/657
f 488/488/488 658/658/658 657/657/657
f 658/658/658 659/659/659 660/660/660
f 661/661/661 466/466/466 484/484/484
f 649/649/649 662/662/662 613/613/613
f 613/613/613 662/662/662 599/599/599
f 654/654/654 611/611/611 602/602/602
f 518/518/518 609/609/609 663/663/663
f 515/515/515 653/653/653 518/518/518
f 664/664/664 646/646/646 653/653/653
f 514/514/514 664/664/664 515/515/515
f 665/665/665 632/632/632 511/511/511
f 618/618/618 619/619/619 665/665/665
f 347/347/347 666/666/666 348/348/348
f 347/347/347 351/351/351 666/666/666
f 348/348/348 367/367/367 383/383/383
f 382/382/382 348/348/348 383/383/383
f 666/666/666 367/367/367 348/348/348
f 351/351/351 368/368/368 666/666/666
f 666/666/666 368/368/368 367/367/367
f 353/353/353 352/352/352 355/355/355
f 355/355/355 667/667/667 668/668/668
f 355/355/355 668/668/668 356/356/356
f 668/668/668 388/388/388 371/371/371
f 388/388/388 369/369/369 363/363/363
f 668/668/668 371/371/371 356/356/356
f 366/366/366 353/353/353 358/358/358
f 354/354/354 353/353/353 366/366/366
f 356/356/356 371/371/371 365/365/365
f 394/394/394 362/362/362 364/364/364
f 398/398/398 372/372/372 359/359/359
f 370/370/370 364/364/364 363/363/363
f 359/359/359 365/365/365 360/360/360
f 359/359/359 372/372/372 365/365/365
f 350/350/350 358/358/358 351/351/351
f 351/351/351 358/358/358 368/368/368
f 358/358/358 357/357/357 368/368/368
f 398/398/398 367/367/367 372/372/372
f 367/367/367 357/357/357 372/372/372
f 372/372/372 357/357/357 356/356/356
f 374/374/374 349/349/349 380/380/380
f 349/349/349 377/377/377 347/347/347
f 373/373/373 349/349/349 374/374/374
f 381/381/381 545/545/545 380/380/380
f 376/376/376 379/379/379 377/377/377
f 379/379/379 347/347/347 377/377/377
f 378/378/378 669/669/669 379/379/379
f 379/379/379 350/350/350 347/347/347
f 381/381/381 349/349/349 348/348/348
f 381/381/381 384/384/384 548/548/548
f 383/383/383 367/367/367 398/398/398
f 425/425/425 385/385/385 354/354/354
f 667/667/667 387/387/387 668/668/668
f 670/670/670 671/671/671 355/355/355
f 352/352/352 670/670/670 355/355/355
f 671/671/671 667/667/667 355/355/355
f 671/671/671 387/387/387 667/667/667
f 389/389/389 423/423/423 354/354/354
f 423/423/423 425/425/425 354/354/354
f 389/389/389 366/366/366 669/669/669
f 669/669/669 366/366/366 350/350/350
f 399/399/399 394/394/394 364/364/364
f 669/669/669 350/350/350 379/379/379
f 508/508/508 391/391/391 390/390/390
f 395/395/395 396/396/396 361/361/361
f 361/361/361 397/397/397 359/359/359
f 392/392/392 391/391/391 394/394/394
f 370/370/370 369/369/369 501/501/501
f 402/402/402 401/401/401 415/415/415
f 400/400/400 421/421/421 401/401/401
f 401/401/401 421/421/421 672/672/672
f 418/418/418 417/417/417 403/403/403
f 403/403/403 406/406/406 404/404/404
f 422/422/422 403/403/403 405/405/405
f 404/404/404 407/407/407 673/673/673
f 669/669/669 407/407/407 412/412/412
f 378/378/378 407/407/407 669/669/669
f 412/412/412 407/407/407 413/413/413
f 409/409/409 412/412/412 411/411/411
f 401/401/401 673/673/673 407/407/407
f 404/404/404 673/673/673 672/672/672
f 413/413/413 407/407/407 420/420/420
f 407/407/407 406/406/406 420/420/420
f 672/672/672 673/673/673 401/401/401
f 373/373/373 375/375/375 402/402/402
f 402/402/402 375/375/375 414/414/414
f 375/375/375 468/468/468 414/414/414
f 421/421/421 400/400/400 444/444/444
f 415/415/415 378/378/378 376/376/376
f 417/417/417 406/406/406 403/403/403
f 423/423/423 408/408/408 424/424/424
f 389/389/389 669/669/669 409/409/409
f 669/669/669 412/412/412 409/409/409
f 410/410/410 411/411/411 426/426/426
f 469/469/469 471/471/471 435/435/435
f 427/427/427 431/431/431 428/428/428
f 471/471/471 427/427/427 429/429/429
f 429/429/429 440/440/440 436/436/436
f 428/428/428 440/440/440 429/429/429
f 432/432/432 441/441/441 431/431/431
f 441/441/441 475/475/475 477/477/477
f 435/435/435 434/434/434 444/444/444
f 433/433/433 437/437/437 434/434/434
f 436/436/436 440/440/440 438/438/438
f 361/361/361 362/362/362 394/394/394
f 361/361/361 394/394/394 393/393/393
f 439/439/439 446/446/446 440/440/440
f 439/439/439 442/442/442 449/449/449
f 477/477/477 442/442/442 441/441/441
f 437/437/437 443/443/443 434/434/434
f 437/437/437 438/438/438 445/445/445
f 440/440/440 446/446/446 438/438/438
f 449/449/449 448/448/448 446/446/446
f 477/477/477 455/455/455 442/442/442
f 443/443/443 489/489/489 421/421/421
f 443/443/443 457/457/457 489/489/489
f 445/445/445 457/457/457 443/443/443
f 445/445/445 451/451/451 674/674/674
f 445/445/445 674/674/674 457/457/457
f 451/451/451 675/675/675 674/674/674
f 447/447/447 451/451/451 445/445/445
f 442/442/442 455/455/455 454/454/454
f 454/454/454 453/453/453 450/450/450
f 449/449/449 450/450/450 448/448/448
f 451/451/451 450/450/450 460/460/460
f 447/447/447 448/448/448 450/450/450
f 450/450/450 442/442/442 454/454/454
f 489/489/489 457/457/457 422/422/422
f 457/457/457 459/459/459 422/422/422
f 674/674/674 458/458/458 457/457/457
f 674/674/674 675/675/675 458/458/458
f 675/675/675 461/461/461 462/462/462
f 451/451/451 461/461/461 675/675/675
f 458/458/458 487/487/487 459/459/459
f 675/675/675 462/462/462 458/458/458
f 462/462/462 486/486/486 458/458/458
f 453/453/453 463/463/463 460/460/460
f 468/468/468 435/435/435 414/414/414
f 676/676/676 469/469/469 467/467/467
f 467/467/467 469/469/469 468/468/468
f 469/469/469 470/470/470 471/471/471
f 472/472/472 677/677/677 554/554/554
f 676/676/676 470/470/470 469/469/469
f 470/470/470 677/677/677 472/472/472
f 470/470/470 472/472/472 427/427/427
f 550/550/550 677/677/677 470/470/470
f 554/554/554 430/430/430 472/472/472
f 432/432/432 430/430/430 473/473/473
f 432/432/432 475/475/475 441/441/441
f 474/474/474 475/475/475 432/432/432
f 477/477/477 476/476/476 478/478/478
f 477/477/477 478/478/478 455/455/455
f 479/479/479 480/480/480 456/456/456
f 483/483/483 678/678/678 484/484/484
f 463/463/463 483/483/483 466/466/466
f 460/460/460 466/466/466 465/465/465
f 465/465/465 485/485/485 486/486/486
f 488/488/488 487/487/487 659/659/659
f 458/458/458 486/486/486 487/487/487
f 459/459/459 487/487/487 464/464/464
f 444/444/444 443/443/443 421/421/421
f 414/414/414 435/435/435 400/400/400
f 679/679/679 501/501/501 680/680/680
f 490/490/490 679/679/679 494/494/494
f 491/491/491 505/505/505 493/493/493
f 491/491/491 494/494/494 505/505/505
f 512/512/512 499/499/499 681/681/681
f 681/681/681 682/682/682 683/683/683
f 499/499/499 498/498/498 682/682/682
f 682/682/682 500/500/500 386/386/386
f 682/682/682 386/386/386 387/387/387
f 498/498/498 502/502/502 500/500/500
f 504/504/504 517/517/517 684/684/684
f 685/685/685 517/517/517 504/504/504
f 684/684/684 496/496/496 504/504/504
f 517/517/517 509/509/509 684/684/684
f 509/509/509 496/496/496 684/684/684
f 685/685/685 504/504/504 686/686/686
f 502/502/502 504/504/504 495/495/495
f 518/518/518 686/686/686 497/497/497
f 518/518/518 685/685/685 686/686/686
f 505/505/505 502/502/502 495/495/495
f 500/500/500 680/680/680 501/501/501
f 680/680/680 500/500/500 494/494/494
f 496/496/496 495/495/495 504/504/504
f 686/686/686 504/504/504 497/497/497
f 497/497/497 502/502/502 498/498/498
f 505/505/505 494/494/494 503/503/503
f 502/502/502 505/505/505 503/503/503
f 390/390/390 506/506/506 508/508/508
f 679/679/679 490/490/490 399/399/399
f 392/392/392 399/399/399 490/490/490
f 399/399/399 370/370/370 679/679/679
f 492/492/492 496/496/496 510/510/510
f 656/656/656 513/513/513 671/671/671
f 656/656/656 671/671/671 670/670/670
f 385/385/385 656/656/656 670/670/670
f 513/513/513 512/512/512 681/681/681
f 683/683/683 513/513/513 681/681/681
f 665/665/665 511/511/511 513/513/513
f 514/514/514 497/497/497 499/499/499
f 513/513/513 683/683/683 671/671/671
f 683/683/683 387/387/387 671/671/671
f 683/683/683 682/682/682 387/387/387
f 386/386/386 501/501/501 369/369/369
f 663/663/663 687/687/687 685/685/685
f 685/685/685 687/687/687 517/517/517
f 687/687/687 516/516/516 517/517/517
f 663/663/663 685/685/685 518/518/518
f 541/541/541 546/546/546 542/542/542
f 542/542/542 546/546/546 547/547/547
f 547/547/547 520/520/520 523/523/523
f 529/529/529 688/688/688 526/526/526
f 530/530/530 526/526/526 532/532/532
f 526/526/526 525/525/525 532/532/532
f 558/558/558 534/534/534 525/525/525
f 534/534/534 524/524/524 533/533/533
f 534/534/534 540/540/540 524/524/524
f 474/474/474 473/473/473 535/535/535
f 473/473/473 543/543/543 535/535/535
f 539/539/539 537/537/537 540/540/540
f 533/533/533 524/524/524 538/538/538
f 542/542/542 547/547/547 535/535/535
f 542/542/542 535/535/535 543/543/543
f 535/535/535 547/547/547 523/523/523
f 540/540/540 537/537/537 524/524/524
f 537/537/537 521/521/521 524/524/524
f 375/375/375 374/374/374 380/380/380
f 544/544/544 380/380/380 545/545/545
f 546/546/546 545/545/545 381/381/381
f 546/546/546 381/381/381 548/548/548
f 384/384/384 383/383/383 519/519/519
f 676/676/676 544/544/544 541/541/541
f 383/383/383 398/398/398 549/549/549
f 544/544/544 545/545/545 541/541/541
f 467/467/467 544/544/544 676/676/676
f 470/470/470 676/676/676 550/550/550
f 677/677/677 550/550/550 543/543/543
f 552/552/552 688/688/688 551/551/551
f 551/551/551 688/688/688 529/529/529
f 605/605/605 527/527/527 552/552/552
f 528/528/528 558/558/558 525/525/525
f 529/529/529 531/531/531 396/396/396
f 396/396/396 531/531/531 397/397/397
f 531/531/531 533/533/533 397/397/397
f 397/397/397 538/538/538 549/549/549
f 533/533/533 538/538/538 397/397/397
f 554/554/554 677/677/677 543/543/543
f 473/473/473 554/554/554 543/543/543
f 555/555/555 539/539/539 557/557/557
f 557/557/557 539/539/539 534/534/534
f 555/555/555 559/559/559 561/561/561
f 553/553/553 561/561/561 615/615/615
f 565/565/565 564/564/564 570/570/570
f 608/608/608 564/564/564 605/605/605
f 564/564/564 607/607/607 570/570/570
f 607/607/607 606/606/606 575/575/575
f 575/575/575 573/573/573 607/607/607
f 608/608/608 607/607/607 564/564/564
f 570/570/570 607/607/607 573/573/573
f 615/615/615 562/562/562 567/567/567
f 615/615/615 561/561/561 562/562/562
f 566/566/566 560/560/560 565/565/565
f 567/567/567 566/566/566 569/569/569
f 560/560/560 566/566/566 562/562/562
f 570/570/570 573/573/573 580/580/580
f 568/568/568 570/570/570 580/580/580
f 573/573/573 572/572/572 580/580/580
f 575/575/575 571/571/571 573/573/573
f 615/615/615 567/567/567 577/577/577
f 615/615/615 577/577/577 583/583/583
f 567/567/567 569/569/569 689/689/689
f 567/567/567 689/689/689 576/576/576
f 689/689/689 586/586/586 576/576/576
f 689/689/689 569/569/569 578/578/578
f 568/568/568 580/580/580 690/690/690
f 579/579/579 690/690/690 580/580/580
f 571/571/571 691/691/691 581/581/581
f 576/576/576 582/582/582 577/577/577
f 582/582/582 576/576/576 590/590/590
f 582/582/582 590/590/590 592/592/592
f 689/689/689 578/578/578 586/586/586
f 586/586/586 578/578/578 584/584/584
f 690/690/690 579/579/579 578/578/578
f 578/578/578 579/579/579 584/584/584
f 584/584/584 579/579/579 585/585/585
f 579/579/579 581/581/581 587/587/587
f 589/589/589 587/587/587 581/581/581
f 581/581/581 691/691/691 588/588/588
f 594/594/594 590/590/590 586/586/586
f 614/614/614 590/590/590 594/594/594
f 591/591/591 590/590/590 614/614/614
f 586/586/586 585/585/585 593/593/593
f 585/585/585 587/587/587 589/589/589
f 591/591/591 614/614/614 595/595/595
f 591/591/591 596/596/596 482/482/482
f 599/599/599 614/614/614 594/594/594
f 594/594/594 597/597/597 598/598/598
f 593/593/593 600/600/600 601/601/601
f 585/585/585 589/589/589 600/600/600
f 601/601/601 602/602/602 610/610/610
f 589/589/589 603/603/603 600/600/600
f 557/557/557 556/556/556 555/555/555
f 556/556/556 563/563/563 559/559/559
f 528/528/528 564/564/564 563/563/563
f 558/558/558 528/528/528 556/556/556
f 552/552/552 508/508/508 606/606/606
f 552/552/552 606/606/606 608/608/608
f 575/575/575 507/507/507 574/574/574
f 508/508/508 507/507/507 575/575/575
f 507/507/507 510/510/510 574/574/574
f 571/571/571 574/574/574 510/510/510
f 691/691/691 510/510/510 588/588/588
f 604/604/604 603/603/603 687/687/687
f 588/588/588 510/510/510 516/516/516
f 510/510/510 509/509/509 516/516/516
f 516/516/516 687/687/687 603/603/603
f 589/589/589 588/588/588 603/603/603
f 604/604/604 687/687/687 663/663/663
f 604/604/604 663/663/663 609/609/609
f 597/597/597 601/601/601 612/612/612
f 601/601/601 610/610/610 612/612/612
f 612/612/612 610/610/610 611/611/611
f 598/598/598 597/597/597 613/613/613
f 599/599/599 598/598/598 613/613/613
f 480/480/480 482/482/482 481/481/481
f 596/596/596 595/595/595 662/662/662
f 482/482/482 678/678/678 483/483/483
f 596/596/596 678/678/678 482/482/482
f 479/479/479 583/583/583 480/480/480
f 582/582/582 592/592/592 480/480/480
f 476/476/476 615/615/615 479/479/479
f 475/475/475 615/615/615 476/476/476
f 475/475/475 553/553/553 615/615/615
f 616/616/616 622/622/622 626/626/626
f 622/622/622 621/621/621 624/624/624
f 419/419/419 692/692/692 621/621/621
f 692/692/692 657/657/657 658/658/658
f 619/619/619 625/625/625 631/631/631
f 665/665/665 619/619/619 632/632/632
f 617/617/617 626/626/626 625/625/625
f 626/626/626 624/624/624 627/627/627
f 629/629/629 625/625/625 627/627/627
f 624/624/624 623/623/623 627/627/627
f 627/627/627 623/623/623 628/628/628
f 641/641/641 638/638/638 631/631/631
f 692/692/692 658/658/658 636/636/636
f 630/630/630 692/692/692 636/636/636
f 632/632/632 631/631/631 638/638/638
f 625/625/625 629/629/629 633/633/633
f 631/631/631 625/625/625 633/633/633
f 643/643/643 628/628/628 637/637/637
f 623/623/623 635/635/635 637/637/637
f 628/628/628 623/623/623 637/637/637
f 638/638/638 641/641/641 639/639/639
f 664/664/664 638/638/638 640/640/640
f 641/641/641 631/631/631 642/642/642
f 642/642/642 634/634/634 648/648/648
f 634/634/634 633/633/633 644/644/644
f 643/643/643 637/637/637 645/645/645
f 652/652/652 636/636/636 661/661/661
f 637/637/637 636/636/636 652/652/652
f 652/652/652 661/661/661 484/484/484
f 645/645/645 637/637/637 652/652/652
f 664/664/664 640/640/640 646/646/646
f 639/639/639 648/648/648 650/650/650
f 648/648/648 634/634/634 644/644/644
f 645/645/645 652/652/652 651/651/651
f 653/653/653 646/646/646 654/654/654
f 654/654/654 650/650/650 612/612/612
f 646/646/646 647/647/647 654/654/654
f 424/424/424 426/426/426 616/616/616
f 426/426/426 620/620/620 622/622/622
f 616/616/616 426/426/426 622/622/622
f 620/620/620 420/420/420 419/419/419
f 620/620/620 419/419/419 621/621/621
f 419/419/419 417/417/417 692/692/692
f 417/417/417 416/416/416 692/692/692
f 418/418/418 657/657/657 416/416/416
f 416/416/416 657/657/657 692/692/692
f 464/464/464 488/488/488 657/657/657
f 658/658/658 488/488/488 659/659/659
f 636/636/636 660/660/660 661/661/661
f 660/660/660 486/486/486 485/485/485
f 660/660/660 659/659/659 486/486/486
f 655/655/655 484/484/484 678/678/678
f 596/596/596 655/655/655 678/678/678
f 649/649/649 596/596/596 662/662/662
f 599/599/599 662/662/662 595/595/595
f 654/654/654 612/612/612 611/611/611
f 609/609/609 654/654/654 602/602/602
f 518/518/518 653/653/653 609/609/609
f 515/515/515 664/664/664 653/653/653
f 514/514/514 638/638/638 664/664/664
f 514/514/514 511/511/511 638/638/638
f 511/511/511 632/632/632 638/638/638
f 656/656/656 618/618/618 665/665/665
f 363/363/363 371/371/371 388/388/388
f 405/405/405 404/404/404 672/672/672
f 405/405/405 672/672/672 421/421/421
f 349/349/349 373/373/373 376/376/376
f 382/382/382 381/381/381 348/348/348
f 352/352/352 385/385/385 670/670/670
f 388/388/388 668/668/668 387/387/387
f 407/407/407 378/378/378 401/401/401
f 436/436/436 433/433/433 471/471/471
f 436/436/436 471/471/471 429/429/429
f 435/435/435 471/471/471 433/433/433
f 538/538/538 522/522/522 519/519/519
f 538/538/538 519/519/519 549/549/549
f 431/431/431 440/440/440 428/428/428
f 439/439/439 431/431/431 441/441/441
f 485/485/485 466/466/466 661/661/661
f 659/659/659 487/487/487 486/486/486
f 494/494/494 679/679/679 680/680/680
f 681/681/681 499/499/499 682/682/682
f 500/500/500 682/682/682 498/498/498
f 494/494/494 500/500/500 503/503/503
f 492/492/492 392/392/392 490/490/490
f 501/501/501 679/679/679 370/370/370
f 688/688/688 552/552/552 526/526/526
f 558/558/558 557/557/557 534/534/534
f 520/520/520 547/547/547 548/548/548
f 529/529/529 396/396/396 395/395/395
f 529/529/529 395/395/395 551/551/551
f 550/550/550 676/676/676 541/541/541
f 629/629/629 628/628/628 643/643/643
f 629/629/629 643/643/643 633/633/633
f 578/578/578 568/568/568 690/690/690
f 564/564/564 528/528/528 605/605/605
f 608/608/608 605/605/605 552/552/552
f 691/691/691 571/571/571 510/510/510
f 626/626/626 617/617/617 616/616/616
f 692/692/692 630/630/630 621/621/621
f 627/627/627 625/625/625 626/626/626
f 635/635/635 623/623/623 630/630/630
f 636/636/636 635/635/635 630/630/630
f 634/634/634 642/642/642 631/631/631
f 618/618/618 385/385/385 425/425/425
f 660/660/660 636/636/636 658/658/658
f 485/485/485 661/661/661 660/660/660
f 613/613/613 612/612/612 650/650/650
f 665/665/665 513/513/513 656/656/656
f 693/693/693 694/694/694 695/695/695
f 696/696/696 697/697/697 693/693/693
f 698/698/698 699/699/699 700/700/700
f 701/701/701 702/702/702 699/699/699
f 699/699/699 703/703/703 704/704/704
f 699/699/699 702/702/702 703/703/703
f 705/705/705 706/706/706 707/707/707
f 706/706/706 708/708/708 707/707/707
f 708/708/708 709/709/709 710/710/710
f 711/711/711 709/709/709 706/706/706
f 706/706/706 709/709/709 708/708/708
f 712/712/712 704/704/704 696/696/696
f 703/703/703 713/713/713 714/714/714
f 709/709/709 715/715/715 716/716/716
f 711/711/711 717/717/717 709/709/709
f 711/711/711 718/718/718 702/702/702
f 719/719/719 720/720/720 721/721/721
f 722/722/722 723/723/723 695/695/695
f 724/724/724 725/725/725 722/722/722
f 726/726/726 695/695/695 727/727/727
f 728/728/728 729/729/729 730/730/730
f 728/728/728 730/730/730 727/727/727
f 731/731/731 698/698/698 700/700/700
f 732/732/732 715/715/715 733/733/733
f 733/733/733 715/715/715 734/734/734
f 700/700/700 712/712/712 735/735/735
f 736/736/736 737/737/737 738/738/738
f 737/737/737 739/739/739 740/740/740
f 741/741/741 707/707/707 739/739/739
f 741/741/741 739/739/739 737/737/737
f 742/742/742 743/743/743 707/707/707
f 744/744/744 705/705/705 743/743/743
f 738/738/738 740/740/740 745/745/745
f 710/710/710 716/716/716 745/745/745
f 746/746/746 747/747/747 748/748/748
f 749/749/749 750/750/750 751/751/751
f 752/752/752 753/753/753 750/750/750
f 754/754/754 755/755/755 756/756/756
f 755/755/755 757/757/757 756/756/756
f 758/758/758 759/759/759 757/757/757
f 760/760/760 746/746/746 748/748/748
f 719/719/719 748/748/748 761/761/761
f 761/761/761 722/722/722 719/719/719
f 761/761/761 747/747/747 724/724/724
f 762/762/762 763/763/763 764/764/764
f 763/763/763 765/765/765 752/752/752
f 765/765/765 766/766/766 752/752/752
f 751/751/751 767/767/767 768/768/768
f 769/769/769 770/770/770 771/771/771
f 735/735/735 755/755/755 769/769/769
f 755/755/755 754/754/754 769/769/769
f 754/754/754 756/756/756 770/770/770
f 757/757/757 766/766/766 772/772/772
f 759/759/759 766/766/766 757/757/757
f 773/773/773 774/774/774 775/775/775
f 776/776/776 777/777/777 773/773/773
f 778/778/778 777/777/777 776/776/776
f 779/779/779 780/780/780 781/781/781
f 782/782/782 783/783/783 779/779/779
f 782/782/782 784/784/784 783/783/783
f 777/777/777 785/785/785 786/786/786
f 787/787/787 788/788/788 785/785/785
f 780/780/780 789/789/789 790/790/790
f 791/791/791 789/789/789 783/783/783
f 792/792/792 793/793/793 784/784/784
f 794/794/794 793/793/793 792/792/792
f 795/795/795 792/792/792 785/785/785
f 788/788/788 796/796/796 795/795/795
f 793/793/793 791/791/791 784/784/784
f 796/796/796 797/797/797 793/793/793
f 798/798/798 799/799/799 800/800/800
f 801/801/801 802/802/802 800/800/800
f 802/802/802 798/798/798 800/800/800
f 803/803/803 804/804/804 805/805/805
f 806/806/806 807/807/807 797/797/797
f 806/806/806 808/808/808 807/807/807
f 799/799/799 806/806/806 796/796/796
f 798/798/798 802/802/802 799/799/799
f 799/799/799 802/802/802 809/809/809
f 805/805/805 810/810/810 768/768/768
f 806/806/806 811/811/811 808/808/808
f 809/809/809 812/812/812 806/806/806
f 813/813/813 814/814/814 721/721/721
f 815/815/815 781/781/781 814/814/814
f 816/816/816 773/773/773 817/817/817
f 776/776/776 773/773/773 818/818/818
f 819/819/819 820/820/820 778/778/778
f 821/821/821 822/822/822 823/823/823
f 801/801/801 824/824/824 802/802/802
f 824/824/824 825/825/825 802/802/802
f 826/826/826 827/827/827 802/802/802
f 827/827/827 809/809/809 802/802/802
f 828/828/828 829/829/829 827/827/827
f 827/827/827 829/829/829 809/809/809
f 829/829/829 830/830/830 812/812/812
f 812/812/812 831/831/831 811/811/811
f 811/811/811 832/832/832 808/808/808
f 833/833/833 834/834/834 810/810/810
f 810/810/810 764/764/764 768/768/768
f 768/768/768 764/764/764 749/749/749
f 835/835/835 768/768/768 767/767/767
f 746/746/746 781/781/781 790/790/790
f 836/836/836 837/837/837 838/838/838
f 837/837/837 839/839/839 838/838/838
f 840/840/840 837/837/837 836/836/836
f 838/838/838 839/839/839 841/841/841
f 841/841/841 842/842/842 838/838/838
f 843/843/843 844/844/844 845/845/845
f 846/846/846 847/847/847 732/732/732
f 848/848/848 849/849/849 846/846/846
f 850/850/850 848/848/848 843/843/843
f 851/851/851 841/841/841 839/839/839
f 738/738/738 852/852/852 736/736/736
f 738/738/738 838/838/838 852/852/852
f 852/852/852 853/853/853 854/854/854
f 852/852/852 838/838/838 853/853/853
f 842/842/842 855/855/855 856/856/856
f 857/857/857 858/858/858 859/859/859
f 860/860/860 858/858/858 857/857/857
f 860/860/860 845/845/845 858/858/858
f 861/861/861 843/843/843 860/860/860
f 862/862/862 855/855/855 863/863/863
f 864/864/864 843/843/843 861/861/861
f 730/730/730 865/865/865 866/866/866
f 866/866/866 865/865/865 867/867/867
f 865/865/865 868/868/868 867/867/867
f 866/866/866 867/867/867 869/869/869
f 868/868/868 870/870/870 867/867/867
f 871/871/871 872/872/872 873/873/873
f 874/874/874 871/871/871 873/873/873
f 875/875/875 876/876/876 877/877/877
f 872/872/872 876/876/876 875/875/875
f 878/878/878 879/879/879 876/876/876
f 880/880/880 879/879/879 878/878/878
f 871/871/871 880/880/880 878/878/878
f 881/881/881 882/882/882 820/820/820
f 820/820/820 882/882/882 883/883/883
f 882/882/882 867/867/867 883/883/883
f 881/881/881 867/867/867 882/882/882
f 870/870/870 868/868/868 884/884/884
f 885/885/885 886/886/886 880/880/880
f 887/887/887 888/888/888 889/889/889
f 867/867/867 881/881/881 869/869/869
f 726/726/726 890/890/890 721/721/721
f 721/721/721 890/890/890 813/813/813
f 891/891/891 892/892/892 887/887/887
f 893/893/893 892/892/892 894/894/894
f 894/894/894 730/730/730 866/866/866
f 729/729/729 895/895/895 865/865/865
f 887/887/887 889/889/889 896/896/896
f 854/854/854 897/897/897 737/737/737
f 897/897/897 741/741/741 737/737/737
f 898/898/898 897/897/897 854/854/854
f 873/873/873 872/872/872 898/898/898
f 876/876/876 879/879/879 877/877/877
f 743/743/743 895/895/895 744/744/744
f 821/821/821 820/820/820 899/899/899
f 899/899/899 820/820/820 883/883/883
f 776/776/776 900/900/900 819/819/819
f 899/899/899 883/883/883 901/901/901
f 901/901/901 883/883/883 885/885/885
f 902/902/902 903/903/903 904/904/904
f 905/905/905 906/906/906 907/907/907
f 906/906/906 908/908/908 907/907/907
f 909/909/909 906/906/906 905/905/905
f 910/910/910 906/906/906 909/909/909
f 910/910/910 911/911/911 906/906/906
f 908/908/908 912/912/912 913/913/913
f 911/911/911 914/914/914 912/912/912
f 912/912/912 914/914/914 915/915/915
f 911/911/911 916/916/916 914/914/914
f 917/917/917 918/918/918 919/919/919
f 920/920/920 917/917/917 921/921/921
f 922/922/922 923/923/923 913/913/913
f 914/914/914 924/924/924 915/915/915
f 918/918/918 925/925/925 926/926/926
f 917/917/917 927/927/927 918/918/918
f 923/923/923 928/928/928 929/929/929
f 930/930/930 931/931/931 932/932/932
f 918/918/918 927/927/927 925/925/925
f 925/925/925 933/933/933 931/931/931
f 927/927/927 934/934/934 935/935/935
f 936/936/936 937/937/937 938/938/938
f 922/922/922 932/932/932 936/936/936
f 932/932/932 939/939/939 940/940/940
f 937/937/937 941/941/941 942/942/942
f 937/937/937 828/828/828 938/938/938
f 940/940/940 939/939/939 943/943/943
f 940/940/940 944/944/944 945/945/945
f 931/931/931 946/946/946 939/939/939
f 939/939/939 947/947/947 943/943/943
f 946/946/946 948/948/948 947/947/947
f 949/949/949 950/950/950 946/946/946
f 946/946/946 950/950/950 948/948/948
f 901/901/901 907/907/907 899/899/899
f 902/902/902 905/905/905 901/901/901
f 874/874/874 909/909/909 902/902/902
f 873/873/873 951/951/951 874/874/874
f 952/952/952 953/953/953 954/954/954
f 854/854/854 921/921/921 952/952/952
f 838/838/838 856/856/856 853/853/853
f 934/934/934 862/862/862 949/949/949
f 950/950/950 955/955/955 948/948/948
f 956/956/956 948/948/948 957/957/957
f 943/943/943 958/958/958 959/959/959
f 960/960/960 945/945/945 941/941/941
f 938/938/938 828/828/828 826/826/826
f 928/928/928 826/826/826 929/929/929
f 961/961/961 929/929/929 825/825/825
f 822/822/822 825/825/825 824/824/824
f 770/770/770 962/962/962 963/963/963
f 770/770/770 963/963/963 964/964/964
f 964/964/964 963/963/963 965/965/965
f 966/966/966 967/967/967 968/968/968
f 967/967/967 969/969/969 970/970/970
f 963/963/963 971/971/971 965/965/965
f 968/968/968 970/970/970 972/972/972
f 973/973/973 974/974/974 975/975/975
f 967/967/967 976/976/976 969/969/969
f 965/965/965 977/977/977 978/978/978
f 977/977/977 979/979/979 980/980/980
f 981/981/981 982/982/982 983/983/983
f 984/984/984 985/985/985 986/986/986
f 987/987/987 988/988/988 985/985/985
f 979/979/979 989/989/989 990/990/990
f 989/989/989 991/991/991 990/990/990
f 986/986/986 985/985/985 992/992/992
f 985/985/985 993/993/993 992/992/992
f 994/994/994 995/995/995 996/996/996
f 988/988/988 994/994/994 985/985/985
f 985/985/985 996/996/996 993/993/993
f 994/994/994 990/990/990 995/995/995
f 991/991/991 997/997/997 990/990/990
f 998/998/998 830/830/830 997/997/997
f 999/999/999 1000/1000/1000 955/955/955
f 993/993/993 996/996/996 1000/1000/1000
f 996/996/996 995/995/995 959/959/959
f 995/995/995 997/997/997 942/942/942
f 990/990/990 997/997/997 995/995/995
f 997/997/997 1001/1001/1001 942/942/942
f 997/997/997 830/830/830 1001/1001/1001
f 731/731/731 964/964/964 1002/1002/1002
f 771/771/771 770/770/770 964/964/964
f 756/756/756 772/772/772 770/770/770
f 772/772/772 766/766/766 966/966/966
f 764/764/764 810/810/810 1003/1003/1003
f 834/834/834 1004/1004/1004 1003/1003/1003
f 1004/1004/1004 1005/1005/1005 1006/1006/1006
f 1007/1007/1007 812/812/812 830/830/830
f 995/995/995 1008/1008/1008 959/959/959
f 959/959/959 1008/1008/1008 945/945/945
f 1000/1000/1000 957/957/957 948/948/948
f 864/864/864 955/955/955 1009/1009/1009
f 861/861/861 999/999/999 864/864/864
f 1010/1010/1010 992/992/992 999/999/999
f 860/860/860 1010/1010/1010 861/861/861
f 1011/1011/1011 978/978/978 857/857/857
f 964/964/964 965/965/965 1011/1011/1011
f 693/693/693 1012/1012/1012 694/694/694
f 693/693/693 697/697/697 1012/1012/1012
f 694/694/694 713/713/713 729/729/729
f 728/728/728 694/694/694 729/729/729
f 1012/1012/1012 713/713/713 694/694/694
f 697/697/697 714/714/714 1012/1012/1012
f 1012/1012/1012 714/714/714 713/713/713
f 699/699/699 698/698/698 701/701/701
f 701/701/701 1013/1013/1013 1014/1014/1014
f 701/701/701 1014/1014/1014 702/702/702
f 1014/1014/1014 734/734/734 717/717/717
f 734/734/734 715/715/715 709/709/709
f 1014/1014/1014 717/717/717 702/702/702
f 712/712/712 699/699/699 704/704/704
f 700/700/700 699/699/699 712/712/712
f 702/702/702 717/717/717 711/711/711
f 740/740/740 708/708/708 710/710/710
f 744/744/744 718/718/718 705/705/705
f 716/716/716 710/710/710 709/709/709
f 705/705/705 711/711/711 706/706/706
f 705/705/705 718/718/718 711/711/711
f 696/696/696 704/704/704 697/697/697
f 697/697/697 704/704/704 714/714/714
f 704/704/704 703/703/703 714/714/714
f 744/744/744 713/713/713 718/718/718
f 713/713/713 703/703/703 718/718/718
f 718/718/718 703/703/703 702/702/702
f 720/720/720 695/695/695 726/726/726
f 695/695/695 723/723/723 693/693/693
f 719/719/719 695/695/695 720/720/720
f 727/727/727 891/891/891 726/726/726
f 722/722/722 725/725/725 723/723/723
f 725/725/725 693/693/693 723/723/723
f 724/724/724 1015/1015/1015 725/725/725
f 725/725/725 696/696/696 693/693/693
f 727/727/727 695/695/695 694/694/694
f 727/727/727 730/730/730 894/894/894
f 729/729/729 713/713/713 744/744/744
f 771/771/771 731/731/731 700/700/700
f 1013/1013/1013 733/733/733 1014/1014/1014
f 1016/1016/1016 1017/1017/1017 701/701/701
f 698/698/698 1016/1016/1016 701/701/701
f 1017/1017/1017 1013/1013/1013 701/701/701
f 1017/1017/1017 733/733/733 1013/1013/1013
f 735/735/735 769/769/769 700/700/700
f 769/769/769 771/771/771 700/700/700
f 735/735/735 712/712/712 1015/1015/1015
f 1015/1015/1015 712/712/712 696/696/696
f 745/745/745 740/740/740 710/710/710
f 1015/1015/1015 696/696/696 725/725/725
f 854/854/854 737/737/737 736/736/736
f 741/741/741 742/742/742 707/707/707
f 707/707/707 743/743/743 705/705/705
f 738/738/738 737/737/737 740/740/740
f 716/716/716 715/715/715 847/847/847
f 748/748/748 747/747/747 761/761/761
f 746/746/746 767/767/767 747/747/747
f 747/747/747 767/767/767 1018/1018/1018
f 764/764/764 763/763/763 749/749/749
f 749/749/749 752/752/752 750/750/750
f 768/768/768 749/749/749 751/751/751
f 750/750/750 753/753/753 1019/1019/1019
f 1015/1015/1015 753/753/753 758/758/758
f 724/724/724 753/753/753 1015/1015/1015
f 758/758/758 753/753/753 759/759/759
f 755/755/755 758/758/758 757/757/757
f 747/747/747 1019/1019/1019 753/753/753
f 750/750/750 1019/1019/1019 1018/1018/1018
f 759/759/759 753/753/753 766/766/766
f 753/753/753 752/752/752 766/766/766
f 1018/1018/1018 1019/1019/1019 747/747/747
f 719/719/719 721/721/721 748/748/748
f 748/748/748 721/721/721 760/760/760
f 721/721/721 814/814/814 760/760/760
f 767/767/767 746/746/746 790/790/790
f 761/761/761 724/724/724 722/722/722
f 763/763/763 752/752/752 749/749/749
f 769/769/769 754/754/754 770/770/770
f 735/735/735 1015/1015/1015 755/755/755
f 1015/1015/1015 758/758/758 755/755/755
f 756/756/756 757/757/757 772/772/772
f 815/815/815 817/817/817 781/781/781
f 773/773/773 777/777/777 774/774/774
f 817/817/817 773/773/773 775/775/775
f 775/775/775 786/786/786 782/782/782
f 774/774/774 786/786/786 775/775/775
f 778/778/778 787/787/787 777/777/777
f 787/787/787 821/821/821 823/823/823
f 781/781/781 780/780/780 790/790/790
f 779/779/779 783/783/783 780/780/780
f 782/782/782 786/786/786 784/784/784
f 707/707/707 708/708/708 740/740/740
f 707/707/707 740/740/740 739/739/739
f 785/785/785 792/792/792 786/786/786
f 785/785/785 788/788/788 795/795/795
f 823/823/823 788/788/788 787/787/787
f 783/783/783 789/789/789 780/780/780
f 783/783/783 784/784/784 791/791/791
f 786/786/786 792/792/792 784/784/784
f 795/795/795 794/794/794 792/792/792
f 823/823/823 801/801/801 788/788/788
f 789/789/789 835/835/835 767/767/767
f 789/789/789 803/803/803 835/835/835
f 791/791/791 803/803/803 789/789/789
f 791/791/791 797/797/797 1020/1020/1020
f 791/791/791 1020/1020/1020 803/803/803
f 797/797/797 1021/1021/1021 1020/1020/1020
f 793/793/793 797/797/797 791/791/791
f 788/788/788 801/801/801 800/800/800
f 800/800/800 799/799/799 796/796/796
f 795/795/795 796/796/796 794/794/794
f 797/797/797 796/796/796 806/806/806
f 793/793/793 794/794/794 796/796/796
f 796/796/796 788/788/788 800/800/800
f 835/835/835 803/803/803 768/768/768
f 803/803/803 805/805/805 768/768/768
f 1020/1020/1020 804/804/804 803/803/803
f 1020/1020/1020 1021/1021/1021 804/804/804
f 1021/1021/1021 807/807/807 808/808/808
f 797/797/797 807/807/807 1021/1021/1021
f 804/804/804 833/833/833 805/805/805
f 1021/1021/1021 808/808/808 804/804/804
f 808/808/808 832/832/832 804/804/804
f 799/799/799 809/809/809 806/806/806
f 814/814/814 781/781/781 760/760/760
f 1022/1022/1022 815/815/815 813/813/813
f 813/813/813 815/815/815 814/814/814
f 815/815/815 816/816/816 817/817/817
f 818/818/818 1023/1023/1023 900/900/900
f 1022/1022/1022 816/816/816 815/815/815
f 816/816/816 1023/1023/1023 818/818/818
f 816/816/816 818/818/818 773/773/773
f 896/896/896 1023/1023/1023 816/816/816
f 900/900/900 776/776/776 818/818/818
f 778/778/778 776/776/776 819/819/819
f 778/778/778 821/821/821 787/787/787
f 820/820/820 821/821/821 778/778/778
f 823/823/823 822/822/822 824/824/824
f 823/823/823 824/824/824 801/801/801
f 825/825/825 826/826/826 802/802/802
f 829/829/829 1024/1024/1024 830/830/830
f 809/809/809 829/829/829 812/812/812
f 806/806/806 812/812/812 811/811/811
f 811/811/811 831/831/831 832/832/832
f 834/834/834 833/833/833 1005/1005/1005
f 804/804/804 832/832/832 833/833/833
f 805/805/805 833/833/833 810/810/810
f 790/790/790 789/789/789 767/767/767
f 760/760/760 781/781/781 746/746/746
f 1025/1025/1025 847/847/847 1026/1026/1026
f 836/836/836 1025/1025/1025 840/840/840
f 837/837/837 851/851/851 839/839/839
f 837/837/837 840/840/840 851/851/851
f 858/858/858 845/845/845 1027/1027/1027
f 1027/1027/1027 1028/1028/1028 1029/1029/1029
f 845/845/845 844/844/844 1028/1028/1028
f 1028/1028/1028 846/846/846 732/732/732
f 1028/1028/1028 732/732/732 733/733/733
f 844/844/844 848/848/848 846/846/846
f 850/850/850 863/863/863 1030/1030/1030
f 1031/1031/1031 863/863/863 850/850/850
f 1030/1030/1030 842/842/842 850/850/850
f 863/863/863 855/855/855 1030/1030/1030
f 855/855/855 842/842/842 1030/1030/1030
f 1031/1031/1031 850/850/850 1032/1032/1032
f 848/848/848 850/850/850 841/841/841
f 864/864/864 1032/1032/1032 843/843/843
f 864/864/864 1031/1031/1031 1032/1032/1032
f 851/851/851 848/848/848 841/841/841
f 846/846/846 1026/1026/1026 847/847/847
f 1026/1026/1026 846/846/846 840/840/840
f 842/842/842 841/841/841 850/850/850
f 1032/1032/1032 850/850/850 843/843/843
f 843/843/843 848/848/848 844/844/844
f 851/851/851 840/840/840 849/849/849
f 848/848/848 851/851/851 849/849/849
f 736/736/736 852/852/852 854/854/854
f 1025/1025/1025 836/836/836 745/745/745
f 738/738/738 745/745/745 836/836/836
f 745/745/745 716/716/716 1025/1025/1025
f 838/838/838 842/842/842 856/856/856
f 1002/1002/1002 859/859/859 1017/1017/1017
f 1002/1002/1002 1017/1017/1017 1016/1016/1016
f 731/731/731 1002/1002/1002 1016/1016/1016
f 859/859/859 858/858/858 1027/1027/1027
f 1029/1029/1029 859/859/859 1027/1027/1027
f 1011/1011/1011 857/857/857 859/859/859
f 860/860/860 843/843/843 845/845/845
f 859/859/859 1029/1029/1029 1017/1017/1017
f 1029/1029/1029 733/733/733 1017/1017/1017
f 1029/1029/1029 1028/1028/1028 733/733/733
f 732/732/732 847/847/847 715/715/715
f 1009/1009/1009 1033/1033/1033 1031/1031/1031
f 1031/1031/1031 1033/1033/1033 863/863/863
f 1033/1033/1033 862/862/862 863/863/863
f 1009/1009/1009 1031/1031/1031 864/864/864
f 887/887/887 892/892/892 888/888/888
f 888/888/888 892/892/892 893/893/893
f 893/893/893 866/866/866 869/869/869
f 875/875/875 1034/1034/1034 872/872/872
f 876/876/876 872/872/872 878/878/878
f 872/872/872 871/871/871 878/878/878
f 904/904/904 880/880/880 871/871/871
f 880/880/880 870/870/870 879/879/879
f 880/880/880 886/886/886 870/870/870
f 820/820/820 819/819/819 881/881/881
f 819/819/819 889/889/889 881/881/881
f 885/885/885 883/883/883 886/886/886
f 879/879/879 870/870/870 884/884/884
f 888/888/888 893/893/893 881/881/881
f 888/888/888 881/881/881 889/889/889
f 881/881/881 893/893/893 869/869/869
f 886/886/886 883/883/883 870/870/870
f 883/883/883 867/867/867 870/870/870
f 721/721/721 720/720/720 726/726/726
f 890/890/890 726/726/726 891/891/891
f 892/892/892 891/891/891 727/727/727
f 892/892/892 727/727/727 894/894/894
f 730/730/730 729/729/729 865/865/865
f 1022/1022/1022 890/890/890 887/887/887
f 729/729/729 744/744/744 895/895/895
f 890/890/890 891/891/891 887/887/887
f 813/813/813 890/890/890 1022/1022/1022
f 816/816/816 1022/1022/1022 896/896/896
f 1023/1023/1023 896/896/896 889/889/889
f 898/898/898 1034/1034/1034 897/897/897
f 897/897/897 1034/1034/1034 875/875/875
f 951/951/951 873/873/873 898/898/898
f 874/874/874 904/904/904 871/871/871
f 875/875/875 877/877/877 742/742/742
f 742/742/742 877/877/877 743/743/743
f 877/877/877 879/879/879 743/743/743
f 743/743/743 884/884/884 895/895/895
f 879/879/879 884/884/884 743/743/743
f 900/900/900 1023/1023/1023 889/889/889
f 819/819/819 900/900/900 889/889/889
f 901/901/901 885/885/885 903/903/903
f 903/903/903 885/885/885 880/880/880
f 901/901/901 905/905/905 907/907/907
f 899/899/899 907/907/907 961/961/961
f 911/911/911 910/910/910 916/916/916
f 954/954/954 910/910/910 951/951/951
f 910/910/910 953/953/953 916/916/916
f 953/953/953 952/952/952 921/921/921
f 921/921/921 919/919/919 953/953/953
f 954/954/954 953/953/953 910/910/910
f 916/916/916 953/953/953 919/919/919
f 961/961/961 908/908/908 913/913/913
f 961/961/961 907/907/907 908/908/908
f 912/912/912 906/906/906 911/911/911
f 913/913/913 912/912/912 915/915/915
f 906/906/906 912/912/912 908/908/908
f 916/916/916 919/919/919 926/926/926
f 914/914/914 916/916/916 926/926/926
f 919/919/919 918/918/918 926/926/926
f 921/921/921 917/917/917 919/919/919
f 961/961/961 913/913/913 923/923/923
f 961/961/961 923/923/923 929/929/929
f 913/913/913 915/915/915 1035/1035/1035
f 913/913/913 1035/1035/1035 922/922/922
f 1035/1035/1035 932/932/932 922/922/922
f 1035/1035/1035 915/915/915 924/924/924
f 914/914/914 926/926/926 1036/1036/1036
f 925/925/925 1036/1036/1036 926/926/926
f 917/917/917 1037/1037/1037 927/927/927
f 922/922/922 928/928/928 923/923/923
f 928/928/928 922/922/922 936/936/936
f 928/928/928 936/936/936 938/938/938
f 1035/1035/1035 924/924/924 932/932/932
f 932/932/932 924/924/924 930/930/930
f 1036/1036/1036 925/925/925 924/924/924
f 924/924/924 925/925/925 930/930/930
f 930/930/930 925/925/925 931/931/931
f 925/925/925 927/927/927 933/933/933
f 935/935/935 933/933/933 927/927/927
f 927/927/927 1037/1037/1037 934/934/934
f 940/940/940 936/936/936 932/932/932
f 960/960/960 936/936/936 940/940/940
f 937/937/937 936/936/936 960/960/960
f 932/932/932 931/931/931 939/939/939
f 931/931/931 933/933/933 935/935/935
f 937/937/937 960/960/960 941/941/941
f 937/937/937 942/942/942 828/828/828
f 945/945/945 960/960/960 940/940/940
f 940/940/940 943/943/943 944/944/944
f 939/939/939 946/946/946 947/947/947
f 931/931/931 935/935/935 946/946/946
f 947/947/947 948/948/948 956/956/956
f 935/935/935 949/949/949 946/946/946
f 903/903/903 902/902/902 901/901/901
f 902/902/902 909/909/909 905/905/905
f 874/874/874 910/910/910 909/909/909
f 904/904/904 874/874/874 902/902/902
f 898/898/898 854/854/854 952/952/952
f 898/898/898 952/952/952 954/954/954
f 921/921/921 853/853/853 920/920/920
f 854/854/854 853/853/853 921/921/921
f 853/853/853 856/856/856 920/920/920
f 917/917/917 920/920/920 856/856/856
f 1037/1037/1037 856/856/856 934/934/934
f 950/950/950 949/949/949 1033/1033/1033
f 934/934/934 856/856/856 862/862/862
f 856/856/856 855/855/855 862/862/862
f 862/862/862 1033/1033/1033 949/949/949
f 935/935/935 934/934/934 949/949/949
f 950/950/950 1033/1033/1033 1009/1009/1009
f 950/950/950 1009/1009/1009 955/955/955
f 943/943/943 947/947/947 958/958/958
f 947/947/947 956/956/956 958/958/958
f 958/958/958 956/956/956 957/957/957
f 944/944/944 943/943/943 959/959/959
f 945/945/945 944/944/944 959/959/959
f 826/826/826 828/828/828 827/827/827
f 942/942/942 941/941/941 1008/1008/1008
f 828/828/828 1024/1024/1024 829/829/829
f 942/942/942 1024/1024/1024 828/828/828
f 825/825/825 929/929/929 826/826/826
f 928/928/928 938/938/938 826/826/826
f 822/822/822 961/961/961 825/825/825
f 821/821/821 961/961/961 822/822/822
f 821/821/821 899/899/899 961/961/961
f 962/962/962 968/968/968 972/972/972
f 968/968/968 967/967/967 970/970/970
f 765/765/765 1038/1038/1038 967/967/967
f 1038/1038/1038 1003/1003/1003 1004/1004/1004
f 965/965/965 971/971/971 977/977/977
f 1011/1011/1011 965/965/965 978/978/978
f 963/963/963 972/972/972 971/971/971
f 972/972/972 970/970/970 973/973/973
f 975/975/975 971/971/971 973/973/973
f 970/970/970 969/969/969 973/973/973
f 973/973/973 969/969/969 974/974/974
f 987/987/987 984/984/984 977/977/977
f 1038/1038/1038 1004/1004/1004 982/982/982
f 976/976/976 1038/1038/1038 982/982/982
f 978/978/978 977/977/977 984/984/984
f 971/971/971 975/975/975 979/979/979
f 977/977/977 971/971/971 979/979/979
f 989/989/989 974/974/974 983/983/983
f 969/969/969 981/981/981 983/983/983
f 974/974/974 969/969/969 983/983/983
f 984/984/984 987/987/987 985/985/985
f 1010/1010/1010 984/984/984 986/986/986
f 987/987/987 977/977/977 988/988/988
f 988/988/988 980/980/980 994/994/994
f 980/980/980 979/979/979 990/990/990
f 989/989/989 983/983/983 991/991/991
f 998/998/998 982/982/982 1007/1007/1007
f 983/983/983 982/982/982 998/998/998
f 998/998/998 1007/1007/1007 830/830/830
f 991/991/991 983/983/983 998/998/998
f 1010/1010/1010 986/986/986 992/992/992
f 985/985/985 994/994/994 996/996/996
f 994/994/994 980/980/980 990/990/990
f 991/991/991 998/998/998 997/997/997
f 999/999/999 992/992/992 1000/1000/1000
f 1000/1000/1000 996/996/996 958/958/958
f 992/992/992 993/993/993 1000/1000/1000
f 770/770/770 772/772/772 962/962/962
f 772/772/772 966/966/966 968/968/968
f 962/962/962 772/772/772 968/968/968
f 966/966/966 766/766/766 765/765/765
f 966/966/966 765/765/765 967/967/967
f 765/765/765 763/763/763 1038/1038/1038
f 763/763/763 762/762/762 1038/1038/1038
f 764/764/764 1003/1003/1003 762/762/762
f 762/762/762 1003/1003/1003 1038/1038/1038
f 810/810/810 834/834/834 1003/1003/1003
f 1004/1004/1004 834/834/834 1005/1005/1005
f 982/982/982 1006/1006/1006 1007/1007/1007
f 1006/1006/1006 832/832/832 831/831/831
f 1006/1006/1006 1005/1005/1005 832/832/832
f 1001/1001/1001 830/830/830 1024/1024/1024
f 942/942/942 1001/1001/1001 1024/1024/1024
f 995/995/995 942/942/942 1008/1008/1008
f 945/945/945 1008/1008/1008 941/941/941
f 1000/1000/1000 958/958/958 957/957/957
f 955/955/955 1000/1000/1000 948/948/948
f 864/864/864 999/999/999 955/955/955
f 861/861/861 1010/1010/1010 999/999/999
f 860/860/860 984/984/984 1010/1010/1010
f 860/860/860 857/857/857 984/984/984
f 857/857/857 978/978/978 984/984/984
f 1002/1002/1002 964/964/964 1011/1011/1011
f 709/709/709 717/717/717 734/734/734
f 751/751/751 750/750/750 1018/1018/1018
f 751/751/751 1018/1018/1018 767/767/767
f 695/695/695 719/719/719 722/722/722
f 728/728/728 727/727/727 694/694/694
f 698/698/698 731/731/731 1016/1016/1016
f 734/734/734 1014/1014/1014 733/733/733
f 753/753/753 724/724/724 747/747/747
f 782/782/782 779/779/779 817/817/817
f 782/782/782 817/817/817 775/775/775
f 781/781/781 817/817/817 779/779/779
f 884/884/884 868/868/868 865/865/865
f 884/884/884 865/865/865 895/895/895
f 777/777/777 786/786/786 774/774/774
f 785/785/785 777/777/777 787/787/787
f 831/831/831 812/812/812 1007/1007/1007
f 1005/1005/1005 833/833/833 832/832/832
f 840/840/840 1025/1025/1025 1026/1026/1026
f 1027/1027/1027 845/845/845 1028/1028/1028
f 846/846/846 1028/1028/1028 844/844/844
f 840/840/840 846/846/846 849/849/849
f 838/838/838 738/738/738 836/836/836
f 847/847/847 1025/1025/1025 716/716/716
f 1034/1034/1034 898/898/898 872/872/872
f 904/904/904 903/903/903 880/880/880
f 866/866/866 893/893/893 894/894/894
f 875/875/875 742/742/742 741/741/741
f 875/875/875 741/741/741 897/897/897
f 896/896/896 1022/1022/1022 887/887/887
f 975/975/975 974/974/974 989/989/989
f 975/975/975 989/989/989 979/979/979
f 924/924/924 914/914/914 1036/1036/1036
f 910/910/910 874/874/874 951/951/951
f 954/954/954 951/951/951 898/898/898
f 1037/1037/1037 917/917/917 856/856/856
f 972/972/972 963/963/963 962/962/962
f 1038/1038/1038 976/976/976 967/967/967
f 973/973/973 971/971/971 972/972/972
f 981/981/981 969/969/969 976/976/976
f 982/982/982 981/981/981 976/976/976
f 980/980/980 988/988/988 977/977/977
f 964/964/964 731/731/731 771/771/771
f 1006/1006/1006 982/982/982 1004/1004/1004
f 831/831/831 1007/1007/1007 1006/1006/1006
f 959/959/959 958/958/958 996/996/996
f 1011/1011/1011 859/859/859 1002/1002/1002
